epoch,Data_selection_execution_time
21,0.35582423210144043
41,0.3599207401275635
61,0.3552401065826416
81,0.35631418228149414
