epoch,Data_selection_execution_time
21,0.4442751407623291
41,0.4475719928741455
61,0.4524989128112793
81,0.4406700134277344
