epoch,Data_selection_execution_time
21,0.4877016544342041
41,0.4871981143951416
61,0.492664098739624
81,0.4803028106689453
101,0.4904019832611084
121,0.4862980842590332
141,0.4903082847595215
161,0.48743700981140137
181,0.4892122745513916
201,0.49387288093566895
