epoch,Data_selection_execution_time
21,0.4919281005859375
41,0.49332284927368164
61,0.49661898612976074
81,0.49190592765808105
101,0.4905078411102295
121,0.4943861961364746
141,0.4882240295410156
161,0.4876689910888672
181,0.4992799758911133
201,0.48781299591064453
