epoch,Data_selection_execution_time
21,0.3609168529510498
41,0.3669900894165039
61,0.3685739040374756
81,0.36772608757019043
