epoch,Data_selection_execution_time
21,4.388097047805786
41,7.461647987365723
61,7.3998329639434814
