epoch,Data_selection_execution_time
21,5.075472116470337
41,8.126507043838501
61,8.015617847442627
