epoch,Data_selection_execution_time
21,4.183887958526611
41,7.403022766113281
61,4.4870030879974365
