epoch,Data_selection_execution_time
21,4.994945049285889
41,5.186359882354736
61,7.896472692489624
