epoch,Data_selection_execution_time
21,4.500744342803955
41,7.472594976425171
61,7.4961020946502686
