epoch,Data_selection_execution_time
21,4.442687034606934
41,7.693143129348755
61,7.489925146102905
