epoch,Data_selection_execution_time
21,4.8560991287231445
41,8.082466125488281
61,5.116098165512085
