epoch,Data_selection_execution_time
21,4.386705160140991
41,7.324054002761841
61,4.694943904876709
