epoch,Data_selection_execution_time
21,4.489283800125122
41,7.47781777381897
61,7.481247901916504
