epoch,Data_selection_execution_time
21,4.9689040184021
41,8.001412153244019
61,7.954498052597046
