epoch,Data_selection_execution_time
21,4.823570251464844
41,7.95576810836792
61,7.903508901596069
