epoch,Data_selection_execution_time
21,4.6060240268707275
41,7.533782005310059
61,7.523720979690552
