epoch,Data_selection_execution_time
21,4.351614952087402
41,7.58058500289917
61,7.58447003364563
