epoch,Data_selection_execution_time
21,4.607682943344116
41,7.649396896362305
61,7.608635187149048
