epoch,Data_selection_execution_time
21,4.6617889404296875
41,7.513405084609985
61,7.547645330429077
