epoch,Data_selection_execution_time
21,0.43732500076293945
41,0.4200119972229004
61,0.44072890281677246
81,0.417996883392334
101,0.3952951431274414
121,0.48346996307373047
141,0.4178650379180908
161,0.4319932460784912
181,0.4398059844970703
201,0.4034078121185303
221,0.4063279628753662
241,0.42452001571655273
261,0.4025840759277344
