epoch,Data_selection_execution_time
21,0.4184000492095947
41,0.4268341064453125
61,0.41904735565185547
81,0.42315220832824707
101,0.4272136688232422
121,0.4511737823486328
141,0.4218323230743408
161,0.4247398376464844
181,0.5367212295532227
201,0.4229700565338135
221,0.42748284339904785
241,0.42920804023742676
261,17.71907877922058
