epoch,Data_selection_execution_time
21,0.516207218170166
41,0.6182239055633545
61,0.47131800651550293
81,0.4608180522918701
101,0.4778621196746826
121,0.4612767696380615
141,0.4729940891265869
161,0.4637789726257324
181,0.550137996673584
201,0.48055601119995117
221,0.46761393547058105
241,1.0502698421478271
261,0.4126608371734619
