epoch,Data_selection_execution_time
21,0.42160487174987793
41,0.43161487579345703
61,0.43517327308654785
81,0.6476571559906006
101,0.4275779724121094
121,0.42230987548828125
141,0.4287271499633789
161,0.42202305793762207
181,0.5789198875427246
201,0.42379283905029297
221,0.442702054977417
241,0.4281041622161865
261,0.4279930591583252
