epoch,Data_selection_execution_time
21,0.45334506034851074
41,0.4423031806945801
61,0.4589521884918213
81,0.4496140480041504
101,0.46598029136657715
121,0.8136861324310303
141,0.6085312366485596
161,0.44332075119018555
181,0.46575427055358887
201,0.43799781799316406
221,0.44428300857543945
241,0.44284510612487793
261,0.44342994689941406
