epoch,Data_selection_execution_time
21,2.1847758293151855
41,1.2456328868865967
61,0.4190340042114258
81,0.4693307876586914
101,0.44959402084350586
121,0.44708681106567383
141,0.4020569324493408
161,0.40996599197387695
181,0.43387699127197266
201,0.46439313888549805
221,0.42546510696411133
241,0.41552281379699707
261,0.42128586769104004
