epoch,Data_selection_execution_time
21,0.45281100273132324
41,0.4459681510925293
61,0.44730496406555176
81,11.541509866714478
101,0.44190502166748047
121,0.45606303215026855
141,0.45772218704223633
161,0.4495413303375244
181,11.834065914154053
201,0.4578380584716797
221,0.43984198570251465
241,0.4447500705718994
261,0.4554779529571533
