epoch,Data_selection_execution_time
21,0.42073917388916016
41,0.4287528991699219
61,0.4242558479309082
81,0.4230620861053467
101,0.42445802688598633
121,0.42240095138549805
141,0.42937278747558594
161,0.41638875007629395
181,0.4144759178161621
201,0.4188117980957031
221,0.4225599765777588
241,0.6314268112182617
261,0.5615172386169434
