epoch,Data_selection_execution_time
21,0.6950938701629639
41,1.0111448764801025
61,0.9195070266723633
81,0.8747737407684326
101,0.4445760250091553
121,0.6039178371429443
141,0.441709041595459
161,0.4579141139984131
181,0.4492661952972412
201,0.4672820568084717
221,0.4467470645904541
241,0.48381996154785156
261,0.477816104888916
