epoch,Data_selection_execution_time
21,0.4452481269836426
41,0.4332292079925537
61,0.4310159683227539
81,0.4194471836090088
101,0.5730619430541992
121,0.4296388626098633
141,18.11702585220337
161,0.4153320789337158
181,0.42150092124938965
201,0.41755104064941406
221,0.42490220069885254
241,0.4542238712310791
261,0.4833998680114746
