epoch,Data_selection_execution_time
21,0.6379711627960205
41,0.4656381607055664
61,0.4519479274749756
81,0.4700658321380615
101,0.5793688297271729
121,0.4477720260620117
141,0.4700798988342285
161,0.4573218822479248
181,0.4575343132019043
201,0.5512959957122803
221,0.5628111362457275
241,0.4537363052368164
261,0.48004579544067383
