epoch,Data_selection_execution_time
21,18.286021947860718
41,0.5339179039001465
61,0.42728090286254883
81,0.4253110885620117
101,0.4543023109436035
121,0.4509317874908447
141,0.4340176582336426
161,0.5079848766326904
181,0.4517099857330322
201,0.612828254699707
221,0.8476037979125977
241,0.8438808917999268
261,1.9498097896575928
