epoch,Data_selection_execution_time
21,0.44263410568237305
41,0.45391297340393066
61,0.44466519355773926
81,0.4441680908203125
101,0.4817969799041748
121,0.4615511894226074
141,0.463824987411499
161,0.4614129066467285
181,0.45741701126098633
201,0.4626648426055908
221,0.4513871669769287
241,0.4630751609802246
261,12.676912069320679
