epoch,Data_selection_execution_time
21,0.4288661479949951
41,0.42160725593566895
61,0.4329359531402588
81,0.42612504959106445
101,0.40024805068969727
121,0.4023561477661133
141,0.442061185836792
161,0.3951878547668457
181,0.4479520320892334
201,0.4800748825073242
221,0.49549102783203125
241,0.5048179626464844
261,0.4395439624786377
