epoch,Data_selection_execution_time
21,0.4340639114379883
41,0.46840500831604004
61,0.45486903190612793
81,0.9827499389648438
101,0.4145090579986572
121,0.4041578769683838
141,0.5175821781158447
161,0.41994595527648926
181,0.4076101779937744
201,0.4232301712036133
221,0.4041459560394287
241,0.4408419132232666
261,0.45381999015808105
