epoch,Data_selection_execution_time
21,0.5419209003448486
41,0.5488519668579102
61,0.5521690845489502
81,0.5397341251373291
