epoch,Data_selection_execution_time
21,0.5468831062316895
41,0.534459114074707
61,0.5436427593231201
81,0.552915096282959
