epoch,Data_selection_execution_time
21,0.5434551239013672
41,0.5671498775482178
61,0.5514156818389893
81,0.5556972026824951
