epoch,Data_selection_execution_time
21,0.5466701984405518
41,0.5425636768341064
61,0.54494309425354
81,0.5572628974914551
