epoch,Data_selection_execution_time
21,0.7347760200500488
41,0.7191081047058105
61,0.5571691989898682
81,0.5581169128417969
101,0.6378829479217529
121,0.5865440368652344
141,0.6787388324737549
161,0.6007339954376221
181,0.6449527740478516
201,0.6083698272705078
