epoch,Data_selection_execution_time
21,0.5398669242858887
41,0.5426058769226074
61,0.5457460880279541
81,0.6507928371429443
