epoch,Data_selection_execution_time
21,0.5623500347137451
41,0.5574400424957275
61,0.566519021987915
81,0.5694489479064941
