epoch,Data_selection_execution_time
21,4.403970241546631
41,4.655202150344849
61,4.358198881149292
81,1.8291921615600586
101,4.625186204910278
121,5.424731969833374
141,4.4774699211120605
161,4.48529314994812
181,4.534018039703369
201,1.9849588871002197
221,1.679137945175171
241,4.228870153427124
261,1.772280216217041
