epoch,Data_selection_execution_time
21,4.503823280334473
41,4.637631177902222
61,4.637701988220215
81,4.5402140617370605
101,4.803708791732788
121,4.59723973274231
141,4.18301796913147
161,4.670674800872803
181,4.658970832824707
201,4.759316921234131
221,4.611280918121338
241,32.83241271972656
261,4.737522840499878
