epoch,Data_selection_execution_time
21,4.3309619426727295
41,1.6820931434631348
61,1.6687841415405273
81,5.432082176208496
101,1.7245259284973145
121,1.662236213684082
141,3.7259328365325928
161,1.7351548671722412
181,1.6856911182403564
201,4.513607978820801
221,4.598728895187378
241,4.126564025878906
261,1.7560136318206787
