epoch,Data_selection_execution_time
21,4.4707770347595215
41,4.870491981506348
61,4.444602727890015
81,2.4706249237060547
101,1.6598427295684814
121,1.6807479858398438
141,1.6915409564971924
161,1.7933461666107178
181,1.6880249977111816
201,1.7267577648162842
221,2.489659070968628
241,1.8358862400054932
261,2.4460270404815674
