epoch,Data_selection_execution_time
21,4.30742621421814
41,4.922284841537476
61,4.473510026931763
81,4.45026159286499
101,1.8691692352294922
121,1.747636079788208
141,5.1662163734436035
161,1.6794159412384033
181,1.6755640506744385
201,2.711076259613037
221,1.6792547702789307
241,3.572476863861084
261,4.285090684890747
