epoch,Data_selection_execution_time
21,4.6015331745147705
41,4.048893213272095
61,4.580573797225952
81,4.4958109855651855
101,4.628446102142334
121,4.437336206436157
141,4.48838996887207
161,4.483758211135864
181,4.237282037734985
201,4.4173500537872314
221,4.473073959350586
241,4.557884931564331
261,4.501769304275513
