epoch,Data_selection_execution_time
21,4.530570983886719
41,4.52763295173645
61,4.773913145065308
81,4.602252960205078
101,4.6046271324157715
121,4.583441257476807
141,4.7428107261657715
161,4.474535942077637
181,24.597764015197754
201,4.48844313621521
221,4.6015708446502686
241,4.599591016769409
261,4.519909858703613
