epoch,Data_selection_execution_time
21,1.7249548435211182
41,2.453015089035034
61,1.755249261856079
81,4.514456033706665
101,1.7139298915863037
121,1.750544786453247
141,4.244604825973511
161,1.7406032085418701
181,4.195683717727661
201,4.466464042663574
221,3.9922800064086914
241,1.6599726676940918
261,1.6575050354003906
