epoch,Data_selection_execution_time
21,1.6600310802459717
41,1.6489129066467285
61,5.156744956970215
81,1.6570930480957031
101,1.65920090675354
121,4.258655071258545
141,1.7073309421539307
161,2.538151741027832
181,4.212086200714111
201,1.7013790607452393
221,1.696303129196167
241,4.358694076538086
261,1.785278081893921
