epoch,Data_selection_execution_time
21,2.3568902015686035
41,2.0466630458831787
61,1.9313981533050537
81,1.974045991897583
101,2.037065029144287
121,1.949998140335083
141,1.8946359157562256
161,1.9454481601715088
181,2.356745958328247
201,2.0562679767608643
221,1.9676849842071533
241,3.475107192993164
261,4.823153018951416
