epoch,Data_selection_execution_time
21,1.9115259647369385
41,1.7812280654907227
61,4.1609179973602295
81,13.888335227966309
101,1.8132617473602295
121,4.4492347240448
141,1.6784989833831787
161,1.7617731094360352
181,18.253748893737793
201,4.664412975311279
221,4.297285795211792
241,4.59086275100708
261,4.473581075668335
