epoch,Data_selection_execution_time
21,4.710206031799316
41,4.558373928070068
61,45.3434739112854
81,4.436470031738281
101,4.735158205032349
121,4.707440137863159
141,4.5550360679626465
161,4.776479005813599
181,4.434713125228882
201,4.6802027225494385
221,4.795395851135254
241,4.654253005981445
261,4.619452238082886
