epoch,Data_selection_execution_time
21,4.654830694198608
41,4.628154039382935
61,4.648643970489502
81,4.734006643295288
101,4.6643829345703125
121,4.723222017288208
141,2.6031389236450195
161,2.2043559551239014
181,2.164940118789673
201,2.763676881790161
221,2.023484230041504
241,1.962951898574829
261,1.9193620681762695
