epoch,Data_selection_execution_time
21,4.597563028335571
41,4.540547132492065
61,4.525754690170288
81,4.432841777801514
101,4.499161958694458
121,4.504956960678101
141,4.512534856796265
161,4.532248020172119
181,4.3730549812316895
201,3.8335108757019043
221,4.532554864883423
241,4.280862808227539
261,4.356812238693237
