epoch,Data_selection_execution_time
21,4.6573450565338135
41,4.636408805847168
61,4.418382167816162
81,4.42488694190979
101,15.656506776809692
121,4.51888108253479
141,4.5377068519592285
161,4.224215030670166
181,4.293470144271851
201,15.94782280921936
221,4.360278844833374
241,4.494876861572266
261,4.593580007553101
