epoch,Data_selection_execution_time
21,1.742711067199707
41,7.476454019546509
61,8.577884912490845
81,6.002453088760376
101,7.8742499351501465
121,9.025896072387695
141,4.047774076461792
161,4.080589771270752
181,4.300241947174072
201,5.84765625
