epoch,Data_selection_execution_time
21,10.858049869537354
41,11.856576919555664
61,13.219517946243286
81,12.950082063674927
101,11.067968845367432
121,8.485878944396973
141,11.492973804473877
161,4.187079191207886
181,0.5710000991821289
201,0.5158689022064209
