epoch,Data_selection_execution_time
21,1.8652048110961914
41,0.4253981113433838
61,0.4224710464477539
