epoch,Data_selection_execution_time
21,1.9670777320861816
41,0.5090570449829102
61,0.3838210105895996
81,0.38342928886413574
101,0.38419294357299805
121,0.38274598121643066
141,0.3703322410583496
161,0.5176010131835938
181,0.3816189765930176
201,0.3666667938232422
