epoch,Data_selection_execution_time
21,2.4544382095336914
41,0.4757571220397949
61,0.3885021209716797
81,0.39897608757019043
101,0.4688377380371094
121,0.36963605880737305
141,0.36649322509765625
161,0.3800499439239502
181,0.3597531318664551
201,0.357647180557251
