epoch,Data_selection_execution_time
21,1.0507051944732666
41,0.4282066822052002
61,0.4059181213378906
