epoch,Data_selection_execution_time
21,0.3130531311035156
41,0.3216371536254883
61,0.2907259464263916
