epoch,Data_selection_execution_time
21,1.9584300518035889
41,0.49292802810668945
61,0.3633615970611572
81,0.38427066802978516
101,0.39627885818481445
121,0.3626229763031006
141,0.3684730529785156
161,0.5014750957489014
181,0.3893749713897705
201,0.3834269046783447
