epoch,Data_selection_execution_time
21,0.6691131591796875
41,0.9998841285705566
61,0.6247220039367676
81,0.5815067291259766
101,0.9233779907226562
121,0.7499823570251465
141,4.47360897064209
161,0.6812248229980469
181,0.6434619426727295
201,0.48395204544067383
