epoch,Data_selection_execution_time
21,1.8758599758148193
41,0.4269256591796875
61,0.4321279525756836
