epoch,Data_selection_execution_time
21,1.716562032699585
41,0.41989707946777344
61,0.4164121150970459
