epoch,Data_selection_execution_time
21,1.8684098720550537
41,0.4103569984436035
61,0.42497682571411133
