epoch,Data_selection_execution_time
21,1.9550881385803223
41,0.3614211082458496
61,0.3832523822784424
81,0.38216400146484375
101,0.37908387184143066
121,0.5025789737701416
141,0.3654618263244629
161,0.38594484329223633
181,0.3639411926269531
201,0.36039209365844727
