epoch,Data_selection_execution_time
21,0.3243730068206787
41,1.516538143157959
61,0.33187198638916016
