epoch,Data_selection_execution_time
21,0.2885770797729492
41,0.2740139961242676
61,0.2717430591583252
