epoch,Data_selection_execution_time
21,4.513499021530151
41,4.364398717880249
61,21.7406587600708
81,4.659081935882568
101,4.34501576423645
121,4.557071685791016
141,4.3187878131866455
161,4.3466010093688965
181,4.612291097640991
201,4.477741003036499
221,21.410705089569092
241,4.456111907958984
261,4.438946008682251
