epoch,Data_selection_execution_time
21,1.6617348194122314
41,2.1958510875701904
61,1.6630198955535889
81,2.2022180557250977
101,1.6516668796539307
121,2.1944169998168945
141,1.6854839324951172
161,1.6565849781036377
181,1.6543219089508057
201,1.6414639949798584
221,1.6480960845947266
241,1.6609630584716797
261,2.265942096710205
