epoch,Data_selection_execution_time
21,1.7187509536743164
41,1.8178322315216064
61,2.445823907852173
81,1.722681999206543
101,1.6904199123382568
121,1.732969045639038
141,3.9236903190612793
161,4.871912956237793
181,4.08427095413208
201,4.439007043838501
221,4.452949047088623
241,4.35844874382019
261,4.810150861740112
