epoch,Data_selection_execution_time
21,1.720005989074707
41,1.7533948421478271
61,11.033520936965942
81,1.78013277053833
101,1.8261947631835938
121,1.772709846496582
141,1.7366197109222412
161,11.681921005249023
181,1.8989379405975342
201,1.8727881908416748
221,1.8791170120239258
241,1.7953472137451172
261,16.59128212928772
