epoch,Data_selection_execution_time
21,4.643568754196167
41,4.677141904830933
61,1.7457201480865479
81,1.734766960144043
101,14.2937490940094
121,4.56545615196228
141,4.587433338165283
161,4.547607183456421
181,4.4968860149383545
201,14.499409914016724
221,4.514718055725098
241,4.529739141464233
261,4.390026092529297
