epoch,Data_selection_execution_time
21,1.6501390933990479
41,2.1400392055511475
61,1.6614952087402344
81,1.6506500244140625
101,1.6640708446502686
121,1.6421828269958496
141,1.6630210876464844
161,1.641329050064087
181,1.6445491313934326
201,1.6585180759429932
221,1.6571598052978516
241,1.64217209815979
261,2.1878819465637207
