epoch,Data_selection_execution_time
21,4.494974851608276
41,4.5396130084991455
61,4.524533033370972
81,4.692192792892456
101,4.4647791385650635
121,4.488559722900391
141,4.547510147094727
161,4.4378838539123535
181,4.511493921279907
201,4.378896951675415
221,4.444774150848389
241,4.69238805770874
261,4.346014976501465
