epoch,Data_selection_execution_time
21,1.6546821594238281
41,2.2282958030700684
61,1.6584668159484863
81,1.6507089138031006
101,1.6510231494903564
121,1.7420129776000977
141,1.8291258811950684
161,1.7855520248413086
181,2.4716482162475586
201,1.670541763305664
221,1.7664158344268799
241,1.654707908630371
261,1.6455469131469727
