epoch,Data_selection_execution_time
21,4.596318960189819
41,4.434702157974243
61,4.454814434051514
81,4.562111854553223
101,4.56800103187561
121,4.32353401184082
141,4.49269700050354
161,4.375254154205322
181,4.688097953796387
201,4.634105205535889
221,4.552222013473511
241,4.385149002075195
261,4.4148499965667725
