epoch,Data_selection_execution_time
21,4.5531299114227295
41,14.187541007995605
61,4.527165174484253
81,4.577309846878052
101,4.4875359535217285
121,4.323066711425781
141,13.830229997634888
161,4.745113849639893
181,4.60692286491394
201,4.364059925079346
221,4.606688737869263
241,15.690062046051025
261,4.539233922958374
