epoch,Data_selection_execution_time
21,4.539765119552612
41,4.645015001296997
61,4.489803075790405
81,4.536190986633301
101,4.758411884307861
121,4.701822996139526
141,4.594701051712036
161,4.520909070968628
181,4.6255269050598145
201,3.5157580375671387
221,4.493940830230713
241,4.567962884902954
261,4.338620901107788
