epoch,Data_selection_execution_time
21,4.505519151687622
41,4.6379029750823975
61,4.502204179763794
81,4.683903932571411
101,4.530259132385254
121,4.489128828048706
141,15.729946851730347
161,4.641494989395142
181,4.646203994750977
201,1.6930599212646484
221,1.7001688480377197
241,1.6849162578582764
261,1.8280236721038818
