epoch,Data_selection_execution_time
21,4.404590845108032
41,4.368640184402466
61,4.479000806808472
81,4.548673152923584
101,4.3440539836883545
121,4.868710994720459
141,4.448927164077759
161,4.57030725479126
181,4.554346084594727
201,4.512301206588745
221,4.525706052780151
241,4.571764945983887
261,4.563477993011475
