epoch,Data_selection_execution_time
21,1.654062032699585
41,1.6564679145812988
61,1.6526930332183838
81,1.6529409885406494
101,1.6451458930969238
121,1.6498968601226807
141,1.665964126586914
161,1.6574039459228516
181,1.6458818912506104
201,1.720973014831543
221,1.654533863067627
241,1.6560640335083008
261,1.6560850143432617
