epoch,Data_selection_execution_time
21,4.482572078704834
41,4.386947154998779
61,4.514895915985107
81,4.346753120422363
101,4.56375789642334
121,4.665124893188477
141,4.671303987503052
161,4.605527877807617
181,4.399736166000366
201,4.532193899154663
221,4.682936191558838
241,4.690492868423462
261,4.7211010456085205
