epoch,Data_selection_execution_time
21,0.464493989944458
41,0.4658229351043701
61,0.43926215171813965
