epoch,Data_selection_execution_time
21,0.3710598945617676
41,0.31517910957336426
61,0.3161473274230957
