epoch,Data_selection_execution_time
21,0.3350520133972168
41,0.47415590286254883
61,0.32866525650024414
