epoch,Data_selection_execution_time
21,0.484774112701416
41,0.34338998794555664
61,0.3136749267578125
