epoch,Data_selection_execution_time
21,0.6170260906219482
41,0.4442930221557617
61,0.6433398723602295
