epoch,Data_selection_execution_time
21,0.44960999488830566
41,0.9485323429107666
61,4.2325119972229
81,0.42954206466674805
101,0.5601229667663574
121,5.041130065917969
141,0.4292597770690918
161,0.4090402126312256
181,0.8246848583221436
201,0.408203125
