epoch,Data_selection_execution_time
21,0.45924830436706543
41,0.45669078826904297
61,0.44492173194885254
