epoch,Data_selection_execution_time
21,0.44086289405822754
41,0.4345088005065918
61,0.4228849411010742
81,0.42837095260620117
101,7.2032740116119385
121,0.44393301010131836
141,0.445767879486084
161,0.42435383796691895
181,0.42775607109069824
201,0.4266200065612793
