epoch,Data_selection_execution_time
21,0.44530725479125977
41,0.4177882671356201
61,0.4171426296234131
81,0.4691891670227051
101,0.43438100814819336
121,0.41590189933776855
141,0.4535701274871826
161,0.6160430908203125
181,0.4348909854888916
201,0.4435770511627197
