epoch,Data_selection_execution_time
21,0.44681596755981445
41,0.44611692428588867
61,0.47243213653564453
