epoch,Data_selection_execution_time
21,0.4044809341430664
41,0.41896605491638184
61,0.4154670238494873
81,6.898052930831909
101,0.424454927444458
121,0.4365408420562744
141,0.41588711738586426
161,0.42923903465270996
181,7.104806184768677
201,0.4171168804168701
