epoch,Data_selection_execution_time
21,0.45908093452453613
41,0.483508825302124
61,3.285179853439331
81,1.3578381538391113
101,0.4450843334197998
121,0.4471700191497803
141,1.2482900619506836
161,0.41385602951049805
181,0.5141468048095703
201,0.45880818367004395
