epoch,Data_selection_execution_time
21,0.3137989044189453
41,0.31819796562194824
61,0.33792996406555176
