epoch,Data_selection_execution_time
21,0.3308522701263428
41,0.3374500274658203
61,0.3443300724029541
