epoch,Data_selection_execution_time
21,0.43404698371887207
41,0.6454057693481445
61,0.43466877937316895
