epoch,Data_selection_execution_time
21,1.7480690479278564
41,1.6005618572235107
61,3.8366940021514893
81,1.781106948852539
