epoch,Data_selection_execution_time
21,1.35636305809021
41,1.6939892768859863
61,1.8273983001708984
81,1.7377359867095947
