epoch,Data_selection_execution_time
21,1.6890108585357666
41,1.6398091316223145
61,3.742238998413086
81,1.542468786239624
