epoch,Data_selection_execution_time
21,0.520855188369751
41,0.5206079483032227
61,0.6539390087127686
81,0.5187320709228516
