epoch,Data_selection_execution_time
21,0.5080881118774414
41,0.5220479965209961
61,0.5297837257385254
81,0.5008010864257812
