epoch,Data_selection_execution_time
21,0.4859468936920166
41,0.4680211544036865
61,0.46620607376098633
81,0.4727141857147217
