epoch,Data_selection_execution_time
21,0.47231626510620117
41,0.47568726539611816
61,0.4752681255340576
81,0.4768052101135254
