epoch,Data_selection_execution_time
21,0.47046875953674316
41,0.48215818405151367
61,0.4773738384246826
81,0.4628119468688965
