epoch,Data_selection_execution_time
21,0.3793661594390869
41,0.3785862922668457
61,0.38027405738830566
81,0.3718898296356201
