epoch,Data_selection_execution_time
21,0.9858791828155518
41,0.9959769248962402
61,9.386697053909302
81,0.9747600555419922
101,0.9802558422088623
121,0.9916741847991943
141,0.9980299472808838
161,0.9742157459259033
181,0.9841110706329346
201,9.68572735786438
221,0.9758870601654053
241,1.022669792175293
261,0.9972569942474365
