epoch,Data_selection_execution_time
21,0.8285491466522217
41,0.7971527576446533
61,0.8201501369476318
81,0.8122549057006836
