epoch,Data_selection_execution_time
21,0.8186101913452148
41,0.8145010471343994
61,0.7941017150878906
81,0.8095970153808594
