epoch,Data_selection_execution_time
21,0.9959690570831299
41,0.9811990261077881
61,8.800833940505981
81,0.9822640419006348
101,0.981377124786377
121,0.9846858978271484
141,0.9726970195770264
161,9.180710315704346
181,0.9717569351196289
201,1.0184681415557861
221,0.9853978157043457
241,0.9867050647735596
261,9.259268045425415
