epoch,Data_selection_execution_time
21,0.8162519931793213
41,0.8231401443481445
61,0.8353700637817383
81,0.8033480644226074
