epoch,Data_selection_execution_time
21,1.0133240222930908
41,1.005479097366333
61,0.9775707721710205
81,0.9962918758392334
101,1.0092949867248535
121,0.9843592643737793
141,0.9972732067108154
161,1.0457990169525146
181,0.9811079502105713
201,0.9894399642944336
221,7.356581687927246
241,0.9811720848083496
261,0.9937930107116699
