epoch,Data_selection_execution_time
21,0.8137960433959961
41,0.8224561214447021
61,1.1026902198791504
81,1.0974550247192383
