epoch,Data_selection_execution_time
21,0.8300809860229492
41,0.84368896484375
61,0.8150074481964111
81,0.7914459705352783
