epoch,Data_selection_execution_time
21,1.0415549278259277
41,0.9800188541412354
61,0.989616870880127
81,0.9768860340118408
101,0.9819018840789795
121,0.9663608074188232
141,7.859511137008667
161,0.9736177921295166
181,0.9611649513244629
201,8.178699970245361
221,0.9783120155334473
241,0.9971930980682373
261,0.974128007888794
