epoch,Data_selection_execution_time
21,0.7500050067901611
41,0.8018620014190674
61,0.8159129619598389
81,0.8418769836425781
