epoch,Data_selection_execution_time
21,0.7937867641448975
41,0.7988758087158203
61,0.8359560966491699
81,0.8183608055114746
