epoch,Data_selection_execution_time
21,0.8250141143798828
41,0.8465559482574463
61,0.7878007888793945
81,0.8374252319335938
