epoch,Data_selection_execution_time
21,0.8265001773834229
41,0.8108460903167725
61,0.8246362209320068
81,0.8076438903808594
