epoch,Data_selection_execution_time
21,0.810236930847168
41,0.7748570442199707
61,0.8128039836883545
81,0.835777997970581
