epoch,Data_selection_execution_time
21,0.48212099075317383
41,0.4924159049987793
61,0.49649691581726074
81,0.4829859733581543
