epoch,Data_selection_execution_time
21,0.4932370185852051
41,0.4871189594268799
61,0.49235105514526367
81,0.49497509002685547
