epoch,Data_selection_execution_time
21,1.9009809494018555
41,1.4847431182861328
61,2.274976968765259
81,2.4996910095214844
101,1.4616129398345947
121,2.2037432193756104
141,2.2770159244537354
161,1.4607062339782715
181,6.035740852355957
201,4.538333177566528
