epoch,Data_selection_execution_time
21,1.4132819175720215
41,1.7361369132995605
61,1.7788071632385254
81,1.4265720844268799
101,1.9379620552062988
121,1.4306011199951172
141,1.8726880550384521
161,2.705096960067749
181,5.100107192993164
201,4.3758039474487305
