epoch,Data_selection_execution_time
21,1.6199607849121094
41,1.6311628818511963
61,1.4300849437713623
