epoch,Data_selection_execution_time
21,1.6255128383636475
41,1.6273791790008545
61,1.6259770393371582
