epoch,Data_selection_execution_time
21,1.3659851551055908
41,1.4174749851226807
61,1.456153154373169
