epoch,Data_selection_execution_time
21,1.3991129398345947
41,1.3975639343261719
61,1.2276570796966553
