epoch,Data_selection_execution_time
21,1.4317235946655273
41,1.4672460556030273
61,1.1800050735473633
