epoch,Data_selection_execution_time
21,1.6457297801971436
41,1.4345598220825195
61,1.4046950340270996
