epoch,Data_selection_execution_time
21,1.8025379180908203
41,1.434481143951416
61,1.4138150215148926
81,2.2950758934020996
101,1.4673161506652832
121,2.231750965118408
141,1.4888198375701904
161,2.8959341049194336
181,5.125255107879639
201,4.374199867248535
