epoch,Data_selection_execution_time
21,1.6970798969268799
41,3.721853733062744
61,1.708430290222168
81,1.6421723365783691
101,4.67400598526001
121,1.6728918552398682
141,1.6093311309814453
161,1.6296000480651855
181,4.730829238891602
201,1.573523998260498
