epoch,Data_selection_execution_time
21,1.4084937572479248
41,1.6502037048339844
61,1.633387804031372
