epoch,Data_selection_execution_time
21,1.2174768447875977
41,1.4304890632629395
61,1.4421000480651855
