epoch,Data_selection_execution_time
21,1.7348060607910156
41,1.4547138214111328
61,1.6346819400787354
