epoch,Data_selection_execution_time
21,1.454267978668213
41,3.9136857986450195
61,4.1382410526275635
81,4.621804237365723
101,5.508429050445557
121,3.950180768966675
141,1.437007188796997
161,3.4403581619262695
181,1.846919059753418
201,1.7191243171691895
