epoch,Data_selection_execution_time
21,1.4163532257080078
41,1.6743109226226807
61,1.412019968032837
