epoch,Data_selection_execution_time
21,29.98849606513977
41,38.63405966758728
61,30.060828924179077
81,42.37389802932739
101,45.80977702140808
121,37.230672121047974
141,38.18199896812439
161,38.663472175598145
181,36.63115978240967
201,38.85774207115173
221,37.976078033447266
241,39.95683407783508
261,39.63739991188049
281,46.060336112976074
