epoch,Data_selection_execution_time
21,1.601289987564087
41,1.9261119365692139
61,1.555528163909912
81,2.0386111736297607
