epoch,Data_selection_execution_time
21,6.9867870807647705
41,6.924345016479492
61,6.986984968185425
