epoch,Data_selection_execution_time
21,6.990556955337524
41,10.246240139007568
61,10.190621852874756
