epoch,Data_selection_execution_time
21,7.321307897567749
41,10.078909158706665
61,10.000210762023926
