epoch,Data_selection_execution_time
21,7.687839984893799
41,10.334698915481567
61,10.08667278289795
