epoch,Data_selection_execution_time
21,7.0143749713897705
41,10.429868936538696
61,10.447305917739868
