epoch,Data_selection_execution_time
21,7.249773025512695
41,7.264506101608276
61,7.0396952629089355
