epoch,Data_selection_execution_time
21,10.696239709854126
41,15.498391151428223
61,15.551362752914429
