epoch,Data_selection_execution_time
21,7.210958957672119
41,10.15647292137146
61,10.114979028701782
