epoch,Data_selection_execution_time
21,7.168143033981323
41,7.3037872314453125
61,7.042424917221069
