epoch,Data_selection_execution_time
21,7.043879985809326
41,9.99754810333252
61,9.957455158233643
