epoch,Data_selection_execution_time
21,7.0862877368927
41,7.126145124435425
61,6.970157146453857
