epoch,Data_selection_execution_time
21,12.451176166534424
41,14.811416149139404
61,14.982242822647095
