epoch,Data_selection_execution_time
21,7.324812173843384
41,10.053061246871948
61,10.363629817962646
