epoch,Data_selection_execution_time
21,13.441002130508423
41,15.944934844970703
61,15.422410011291504
