epoch,Data_selection_execution_time
21,7.0902259349823
41,10.175233125686646
61,9.835551023483276
