epoch,Data_selection_execution_time
21,0.46177196502685547
41,0.4591338634490967
61,0.45808887481689453
81,0.45328617095947266
