epoch,Data_selection_execution_time
21,4.495002031326294
41,1.5519590377807617
61,4.015580892562866
