epoch,Data_selection_execution_time
21,1.3240108489990234
41,1.3331592082977295
61,2.4539148807525635
