epoch,Data_selection_execution_time
1,0.010647058486938477
21,2.8891894817352295
41,2.251002311706543
61,2.296126127243042
81,2.2795674800872803
101,2.260441303253174
121,2.1590845584869385
141,2.227701425552368
161,2.325991153717041
181,2.282620906829834
201,2.365931510925293
221,2.385225534439087
241,2.2540721893310547
261,2.325538396835327
281,2.246638298034668
301,2.3523311614990234
321,2.4248621463775635
341,2.2909433841705322
361,2.3053622245788574
381,2.2975006103515625
