epoch,Data_selection_execution_time
21,1.5840208530426025
41,4.553097248077393
61,1.4461190700531006
81,4.648280143737793
101,1.6035609245300293
121,4.611493110656738
141,1.6718692779541016
161,4.421112775802612
181,1.6490600109100342
201,4.527772903442383
