epoch,Data_selection_execution_time
21,1.6959941387176514
41,1.8851509094238281
61,1.7762277126312256
81,1.5470530986785889
101,4.846595048904419
121,1.4497151374816895
141,4.4683263301849365
161,1.4742200374603271
181,4.581540107727051
201,1.4721651077270508
