epoch,Data_selection_execution_time
21,1.3598008155822754
41,4.232615232467651
61,1.3423347473144531
