epoch,Data_selection_execution_time
21,1.5661213397979736
41,1.66715407371521
61,1.6678369045257568
81,1.6833090782165527
101,1.6954140663146973
121,1.6676602363586426
141,1.6545751094818115
161,1.6584272384643555
181,1.6647770404815674
201,1.6584129333496094
