epoch,Data_selection_execution_time
21,1.5471210479736328
41,4.784958124160767
61,1.5484139919281006
