epoch,Data_selection_execution_time
21,2.9880900382995605
41,7.677843809127808
61,9.228055000305176
81,2.1373350620269775
101,5.356417894363403
121,10.816118955612183
141,8.03392481803894
161,5.868672132492065
181,5.346999883651733
201,10.33033013343811
