epoch,Data_selection_execution_time
21,9.526477098464966
41,4.323491096496582
61,1.6440722942352295
81,1.850567102432251
101,1.8958799839019775
121,1.8232672214508057
141,1.6143720149993896
161,1.705714225769043
181,4.326333999633789
201,3.999466896057129
