epoch,Data_selection_execution_time
21,1.3004529476165771
41,2.2990002632141113
61,1.3287358283996582
