epoch,Data_selection_execution_time
21,9.20907711982727
41,8.288350343704224
61,10.899030208587646
81,11.866414070129395
101,10.741275787353516
121,12.124279737472534
141,8.440903902053833
161,6.0678839683532715
181,11.342551946640015
201,12.130212306976318
