epoch,Data_selection_execution_time
21,5.083605051040649
41,1.743494987487793
61,1.7358179092407227
81,1.805405855178833
101,1.5767238140106201
121,1.6729178428649902
141,1.7152810096740723
161,1.902904748916626
181,1.7097668647766113
201,1.793604850769043
