epoch,Data_selection_execution_time
1,0.005239248275756836
21,2.296471357345581
41,2.4562621116638184
61,2.338329315185547
