epoch,Data_selection_execution_time
1,0.006286144256591797
21,2.4550416469573975
41,2.525864362716675
61,2.483093500137329
81,2.544860363006592
101,2.366509199142456
121,2.4485373497009277
141,2.4414870738983154
161,2.1650564670562744
181,2.4890341758728027
201,2.4619691371917725
221,2.5165724754333496
241,2.1010665893554688
