epoch,Data_selection_execution_time
21,4.448800086975098
41,1.5564367771148682
61,4.270740032196045
