epoch,Data_selection_execution_time
21,4.104680061340332
41,1.4525790214538574
61,1.3259572982788086
