epoch,Data_selection_execution_time
21,1.5526080131530762
41,1.7024929523468018
61,1.5862782001495361
