epoch,Data_selection_execution_time
21,1.7341549396514893
41,1.9639968872070312
61,1.7275969982147217
81,1.7577359676361084
101,1.9453320503234863
121,1.7301881313323975
141,1.985558032989502
161,1.7237279415130615
181,1.7887628078460693
201,2.0004611015319824
221,4.5302042961120605
241,1.975809097290039
261,1.7972548007965088
