epoch,Data_selection_execution_time
21,4.233368158340454
41,1.691650152206421
61,1.7380468845367432
81,2.14330792427063
101,1.6631989479064941
121,21.935171127319336
141,4.487622261047363
161,1.6967289447784424
181,2.3378498554229736
201,1.685270071029663
221,1.6914820671081543
241,4.258771896362305
261,1.6857950687408447
