epoch,Data_selection_execution_time
21,1.6888868808746338
41,1.8684511184692383
61,1.863123893737793
81,1.6820099353790283
101,1.7077927589416504
121,1.8758411407470703
141,1.9120802879333496
161,3.1867458820343018
181,4.218127012252808
201,1.958603858947754
221,1.9504878520965576
241,1.7429399490356445
261,1.9813051223754883
