epoch,Data_selection_execution_time
21,1.722275972366333
41,22.206756114959717
61,4.5646679401397705
81,1.7297370433807373
101,1.8914320468902588
121,1.7123150825500488
141,1.702366828918457
161,4.161219120025635
181,1.693037986755371
201,1.6987550258636475
221,3.7822070121765137
241,4.621913909912109
261,1.7034170627593994
