epoch,Data_selection_execution_time
21,1.6867539882659912
41,1.6466832160949707
61,1.7049798965454102
81,9.183268070220947
101,1.6823019981384277
121,1.690783977508545
141,1.693147897720337
161,1.657238245010376
181,1.7335638999938965
201,1.6838908195495605
221,1.6813828945159912
241,1.651317834854126
261,1.6632769107818604
