epoch,Data_selection_execution_time
21,4.297159194946289
41,1.737729787826538
61,1.6866397857666016
81,4.4705650806427
101,1.9020788669586182
121,1.9876699447631836
141,4.431014776229858
161,1.6808888912200928
181,1.744575023651123
201,1.8354718685150146
221,1.8430991172790527
241,1.8323912620544434
261,1.6723411083221436
