epoch,Data_selection_execution_time
21,9.864657878875732
41,1.7464179992675781
61,1.687889814376831
81,1.6891322135925293
101,1.675981044769287
121,1.6743059158325195
141,1.7617731094360352
161,1.6869699954986572
181,1.7094371318817139
201,1.7101280689239502
221,1.6692578792572021
241,9.884453773498535
261,4.868456125259399
