epoch,Data_selection_execution_time
21,4.566396951675415
41,1.63484787940979
61,1.7375028133392334
81,4.459651231765747
101,1.8048460483551025
121,1.6601159572601318
141,4.449656009674072
161,1.7611961364746094
181,1.8234050273895264
201,4.556794166564941
221,1.8454389572143555
241,1.9613301753997803
261,4.325744867324829
