epoch,Data_selection_execution_time
21,1.9903337955474854
41,1.716282844543457
61,1.718050241470337
81,1.9559969902038574
101,1.715137004852295
121,1.7038979530334473
141,1.9437742233276367
161,1.7075819969177246
181,1.745333194732666
201,1.9265468120574951
221,1.7253050804138184
241,1.9539122581481934
261,1.9722769260406494
