epoch,Data_selection_execution_time
21,1.6924688816070557
41,9.424422025680542
61,1.6977312564849854
81,1.684145212173462
101,1.6690411567687988
121,1.673323154449463
141,10.105901002883911
161,1.8890049457550049
181,1.792769193649292
201,1.7773337364196777
221,1.839249849319458
241,10.099726915359497
261,1.775648832321167
