epoch,Data_selection_execution_time
21,9.44799280166626
41,1.6639611721038818
61,1.681185007095337
81,1.6523189544677734
101,1.6508758068084717
121,9.604659080505371
141,1.6774709224700928
161,1.653048038482666
181,1.6447148323059082
201,1.7210230827331543
221,9.47994589805603
241,1.6822130680084229
261,1.654731035232544
