epoch,Data_selection_execution_time
21,1.6903560161590576
41,1.6971049308776855
61,1.6803710460662842
81,1.6875147819519043
101,22.407145977020264
121,4.470841884613037
141,1.7277860641479492
161,1.7521748542785645
181,4.013844013214111
201,1.7513890266418457
221,2.038966178894043
241,1.6938841342926025
261,1.7971460819244385
