epoch,Data_selection_execution_time
21,4.526429891586304
41,1.7287108898162842
61,1.958254098892212
81,3.7081751823425293
101,1.6776072978973389
121,4.227527856826782
141,1.6976630687713623
161,1.6646778583526611
181,4.487741947174072
201,4.469081163406372
221,1.712313175201416
241,1.8684401512145996
261,1.6872520446777344
