epoch,Data_selection_execution_time
21,19.791929721832275
41,4.496506214141846
61,1.6919808387756348
81,2.798107862472534
101,1.6900250911712646
121,1.6866569519042969
141,4.211684942245483
161,1.6607511043548584
181,1.7055461406707764
201,19.88493585586548
221,4.494142293930054
241,1.7657079696655273
261,1.7170031070709229
