epoch,Data_selection_execution_time
21,1.3361270427703857
41,3.5463130474090576
61,1.4143521785736084
81,1.5569407939910889
