epoch,Data_selection_execution_time
21,1.3272929191589355
41,1.550910234451294
61,1.507389783859253
81,1.305459976196289
