epoch,Data_selection_execution_time
21,1.6301560401916504
41,1.6371581554412842
61,1.3170301914215088
81,1.3461942672729492
