epoch,Data_selection_execution_time
21,1.3431649208068848
41,2.9461722373962402
61,1.3680930137634277
81,1.3611531257629395
