epoch,Data_selection_execution_time
21,1.305370807647705
41,1.4882681369781494
61,1.3048489093780518
81,1.5116851329803467
