epoch,Data_selection_execution_time
21,4.436089754104614
41,3.168837785720825
61,1.3108787536621094
81,1.301664113998413
