epoch,Data_selection_execution_time
21,0.49677491188049316
41,0.4992377758026123
61,0.500532865524292
81,0.4995598793029785
