epoch,Data_selection_execution_time
21,0.49994492530822754
41,0.5097682476043701
61,0.5137729644775391
81,0.5262329578399658
