epoch,Data_selection_execution_time
21,0.5160722732543945
41,0.5253181457519531
61,0.530940055847168
81,0.5353178977966309
