epoch,Data_selection_execution_time
21,0.5007688999176025
41,0.4977610111236572
61,0.5037789344787598
81,0.4950721263885498
