epoch,Data_selection_execution_time
21,0.4939610958099365
41,0.5012979507446289
61,0.5027639865875244
81,0.5027420520782471
