epoch,Data_selection_execution_time
21,0.6802902221679688
41,0.6905050277709961
61,0.685966968536377
81,0.7110249996185303
