epoch,Data_selection_execution_time
21,0.6849069595336914
41,0.820810079574585
61,0.6929240226745605
81,0.6856880187988281
