epoch,Data_selection_execution_time
21,0.7045607566833496
41,0.7061457633972168
61,0.6977550983428955
81,0.6908092498779297
