epoch,Data_selection_execution_time
21,0.6796190738677979
41,0.6865317821502686
61,0.6998469829559326
81,0.6802418231964111
