epoch,Data_selection_execution_time
21,1.1347217559814453
41,0.8300189971923828
61,1.0111591815948486
81,0.7291598320007324
