epoch,Data_selection_execution_time
21,0.6994571685791016
41,0.6906418800354004
61,0.6975150108337402
81,0.6938879489898682
