epoch,Data_selection_execution_time
21,0.6583726406097412
41,0.6238489151000977
61,0.7221231460571289
81,0.6069748401641846
101,0.6706349849700928
121,0.639941930770874
141,0.578711986541748
161,0.74503493309021
181,0.6185469627380371
201,0.7303109169006348
221,0.7147109508514404
241,0.7278609275817871
261,0.7671496868133545
