epoch,Data_selection_execution_time
21,0.7218310832977295
41,0.6583070755004883
61,0.6412560939788818
81,0.6179640293121338
101,0.6191818714141846
121,0.5927450656890869
141,0.623100757598877
161,0.6122429370880127
181,0.5967311859130859
201,0.5857970714569092
221,0.6052050590515137
241,0.6665630340576172
261,0.628026008605957
