epoch,Data_selection_execution_time
21,0.6992168426513672
41,1.4104728698730469
61,0.8741838932037354
81,0.8259270191192627
101,0.9157619476318359
121,0.7769620418548584
141,1.3499598503112793
161,0.8259029388427734
181,0.8010289669036865
