epoch,Data_selection_execution_time
21,0.6307680606842041
41,0.655236005783081
61,0.637037992477417
81,0.6334939002990723
101,0.6522250175476074
121,0.6445744037628174
141,0.6584701538085938
161,0.6508662700653076
181,0.5987613201141357
201,0.7616801261901855
221,0.594567060470581
241,0.5846738815307617
261,0.5889420509338379
