epoch,Data_selection_execution_time
21,0.5797228813171387
41,0.5889678001403809
61,0.5854949951171875
81,0.6482539176940918
101,0.7619750499725342
121,0.6283907890319824
141,0.6391010284423828
161,0.6268670558929443
181,0.65590500831604
201,0.7187798023223877
221,0.6212139129638672
241,0.7352380752563477
261,0.8588409423828125
