epoch,Data_selection_execution_time
21,0.6510589122772217
41,0.653156042098999
61,0.7989931106567383
81,0.7442257404327393
101,0.6584079265594482
121,0.629188060760498
141,0.6246519088745117
161,0.7587809562683105
181,0.659005880355835
201,0.6241428852081299
221,0.5811061859130859
241,0.5804908275604248
261,0.5884702205657959
