epoch,Data_selection_execution_time
21,0.6812121868133545
41,0.811424970626831
61,0.6811928749084473
81,0.6771090030670166
