epoch,Data_selection_execution_time
21,0.7098932266235352
41,0.8318150043487549
61,0.6966729164123535
81,0.6974420547485352
