epoch,Data_selection_execution_time
21,0.781278133392334
41,0.6005311012268066
61,0.7114670276641846
81,0.6201417446136475
101,0.6314380168914795
121,0.623852014541626
141,0.8160059452056885
161,0.6734530925750732
181,0.6159539222717285
201,0.5892860889434814
221,0.6298902034759521
241,0.6655619144439697
261,0.6266109943389893
