epoch,Data_selection_execution_time
21,22.666831254959106
41,20.53192973136902
61,21.70749020576477
81,21.499083995819092
