epoch,Data_selection_execution_time
21,1.454636812210083
41,1.3091590404510498
61,1.4812250137329102
81,3.265080213546753
