epoch,Data_selection_execution_time
21,0.42512941360473633
41,0.4373180866241455
61,0.5611271858215332
