epoch,Data_selection_execution_time
21,0.3073270320892334
41,0.2981867790222168
61,0.4748358726501465
