epoch,Data_selection_execution_time
21,0.608306884765625
41,0.5934650897979736
61,0.44737792015075684
