epoch,Data_selection_execution_time
21,0.4175150394439697
41,0.42676496505737305
61,0.442396879196167
