epoch,Data_selection_execution_time
21,0.4782841205596924
41,0.4499950408935547
61,0.47197890281677246
