epoch,Data_selection_execution_time
21,0.4209280014038086
41,0.4537689685821533
61,0.43729686737060547
