epoch,Data_selection_execution_time
21,0.6436641216278076
41,0.4238700866699219
61,0.6369671821594238
81,0.4033229351043701
101,0.3989293575286865
121,0.43694376945495605
141,0.41742801666259766
161,0.4313201904296875
181,0.41175198554992676
201,0.42157697677612305
