epoch,Data_selection_execution_time
21,0.39690709114074707
41,0.4053680896759033
61,0.393718957901001
81,0.42456603050231934
101,0.7400655746459961
121,0.4191298484802246
141,0.4168691635131836
161,0.7606799602508545
181,0.5048949718475342
201,0.4650890827178955
