epoch,Data_selection_execution_time
21,0.3892049789428711
41,0.4244678020477295
61,0.39783215522766113
81,0.4003450870513916
101,0.6529481410980225
121,0.4141569137573242
141,0.38857293128967285
161,0.3913419246673584
181,0.42893195152282715
201,0.41275477409362793
