epoch,Data_selection_execution_time
21,0.3352499008178711
41,0.32640719413757324
61,0.3152642250061035
