epoch,Data_selection_execution_time
21,0.3285350799560547
41,0.3186671733856201
61,0.32585811614990234
