epoch,Data_selection_execution_time
21,0.41542983055114746
41,0.39307427406311035
61,0.3995540142059326
81,0.42740416526794434
101,0.3925809860229492
121,0.431973934173584
141,0.4027829170227051
161,0.39332008361816406
181,0.39476823806762695
201,0.4032862186431885
