epoch,Data_selection_execution_time
21,0.4062967300415039
41,0.6774771213531494
61,0.4046018123626709
81,0.6650218963623047
101,0.424030065536499
121,0.40749406814575195
141,0.4315352439880371
161,0.4155771732330322
181,0.7141392230987549
201,0.3930032253265381
