epoch,Data_selection_execution_time
21,0.437485933303833
41,0.4276161193847656
61,0.4426839351654053
