epoch,Data_selection_execution_time
21,0.3472621440887451
41,0.30943989753723145
61,0.3055849075317383
