epoch,Data_selection_execution_time
21,1.328880786895752
41,1.3254871368408203
61,1.5542359352111816
81,1.358436107635498
101,1.3323218822479248
121,1.3268358707427979
141,1.6443367004394531
161,1.3659236431121826
181,1.4217150211334229
201,1.73606276512146
