epoch,Data_selection_execution_time
21,0.36327099800109863
41,0.5898120403289795
61,0.4351680278778076
