epoch,Data_selection_execution_time
21,0.35022592544555664
41,0.35237884521484375
61,0.34334325790405273
