epoch,Data_selection_execution_time
21,0.41688084602355957
41,0.42105889320373535
61,0.41501283645629883
