epoch,Data_selection_execution_time
21,0.35623979568481445
41,0.3679070472717285
61,0.3418769836425781
