epoch,Data_selection_execution_time
21,0.3576700687408447
41,0.3609893321990967
61,0.5853829383850098
