epoch,Data_selection_execution_time
21,0.4094200134277344
41,0.6192488670349121
61,0.4134819507598877
