epoch,Data_selection_execution_time
21,0.3880472183227539
41,0.36603474617004395
61,0.367534875869751
81,0.381756067276001
101,0.3992741107940674
121,0.37732934951782227
141,0.37830090522766113
161,0.3822007179260254
181,0.3671109676361084
201,0.3672142028808594
