epoch,Data_selection_execution_time
21,0.402083158493042
41,0.4047880172729492
61,0.4246969223022461
