epoch,Data_selection_execution_time
21,1.1488711833953857
41,0.371600866317749
61,0.5840411186218262
