epoch,Data_selection_execution_time
21,0.3924369812011719
41,0.38962817192077637
61,0.3921847343444824
81,0.3647150993347168
101,0.38245606422424316
121,9.18825912475586
141,0.36295104026794434
161,0.37891578674316406
181,0.3839380741119385
201,0.42483091354370117
