epoch,Data_selection_execution_time
21,0.4048452377319336
41,0.41446900367736816
61,0.39646291732788086
