epoch,Data_selection_execution_time
21,0.3639538288116455
41,0.3602161407470703
61,0.37870073318481445
81,0.38212084770202637
101,0.3990778923034668
121,0.36206984519958496
141,0.3934931755065918
161,0.3879210948944092
181,0.3885378837585449
201,0.3771791458129883
