epoch,Data_selection_execution_time
21,0.41705894470214844
41,0.41487693786621094
61,0.43262815475463867
