epoch,Data_selection_execution_time
21,0.3735499382019043
41,0.37363100051879883
61,0.3813178539276123
81,0.3801920413970947
