epoch,Data_selection_execution_time
21,0.3716270923614502
41,0.3757777214050293
61,0.38638901710510254
81,0.3824748992919922
