epoch,Data_selection_execution_time
21,0.46662187576293945
41,0.474534273147583
61,0.4751579761505127
81,0.4752943515777588
