epoch,Data_selection_execution_time
21,0.3728210926055908
41,0.3758573532104492
61,0.3795151710510254
81,0.36774611473083496
