epoch,Data_selection_execution_time
21,0.5848879814147949
41,0.7168149948120117
61,0.5457961559295654
81,0.5554461479187012
101,0.5332810878753662
121,2.997411012649536
141,0.575639009475708
161,0.573167085647583
181,0.5741469860076904
201,0.5962197780609131
