epoch,Data_selection_execution_time
21,0.48162293434143066
41,0.47146105766296387
61,0.4703328609466553
81,0.4683527946472168
