epoch,Data_selection_execution_time
21,3.489743947982788
41,3.4740500450134277
61,3.6284189224243164
