epoch,Data_selection_execution_time
21,8.058353185653687
41,7.9714601039886475
61,10.87180209159851
