epoch,Data_selection_execution_time
21,7.979427814483643
41,10.995984077453613
61,10.807084083557129
