epoch,Data_selection_execution_time
21,3.4021048545837402
41,6.513063192367554
61,7.152384042739868
