epoch,Data_selection_execution_time
21,7.919201135635376
41,10.727386236190796
61,10.849343061447144
