epoch,Data_selection_execution_time
21,3.384937047958374
41,14.637456178665161
61,6.756693124771118
