epoch,Data_selection_execution_time
21,7.9099037647247314
41,10.974343061447144
61,10.716755867004395
