epoch,Data_selection_execution_time
21,7.861755847930908
41,10.951628684997559
61,10.735459089279175
