epoch,Data_selection_execution_time
21,7.331899881362915
41,10.408252954483032
61,10.413443803787231
