epoch,Data_selection_execution_time
21,3.408453941345215
41,6.39009690284729
61,3.829246997833252
