epoch,Data_selection_execution_time
21,8.056729793548584
41,10.265525102615356
61,10.249008893966675
