epoch,Data_selection_execution_time
21,7.2464659214019775
41,10.405651807785034
61,7.618055105209351
