epoch,Data_selection_execution_time
21,7.228853940963745
41,10.194100141525269
61,10.814729928970337
