epoch,Data_selection_execution_time
21,7.230855226516724
41,10.41993498802185
61,10.366581916809082
