epoch,Data_selection_execution_time
21,3.395977020263672
41,3.4170119762420654
61,4.519298076629639
