epoch,Data_selection_execution_time
21,3.1172988414764404
41,1.4602060317993164
61,1.4516479969024658
81,1.494452953338623
101,1.3753461837768555
121,1.4888050556182861
141,1.425516128540039
161,1.4242970943450928
181,1.4545459747314453
201,1.5432171821594238
