epoch,Data_selection_execution_time
21,1.3494057655334473
41,2.0141119956970215
61,1.644948959350586
81,2.769620895385742
