epoch,Data_selection_execution_time
21,1.4425859451293945
41,1.4066550731658936
61,1.6019251346588135
81,1.448012113571167
101,1.5177490711212158
121,1.5028669834136963
141,1.4128508567810059
161,1.7421848773956299
181,1.3952298164367676
201,1.4916458129882812
