epoch,Data_selection_execution_time
21,1.3507788181304932
41,4.498596906661987
61,1.9360051155090332
81,1.9698209762573242
