epoch,Data_selection_execution_time
21,1.773298978805542
41,1.4982731342315674
61,1.5117838382720947
81,1.3110787868499756
