epoch,Data_selection_execution_time
21,1.336979866027832
41,1.5004470348358154
61,1.309420108795166
81,1.526047945022583
