epoch,Data_selection_execution_time
21,1.3596222400665283
41,1.4042057991027832
61,1.5413830280303955
81,1.3689959049224854
