epoch,Data_selection_execution_time
21,4.274622201919556
41,3.1733617782592773
61,1.336003065109253
81,1.505462884902954
