epoch,Data_selection_execution_time
21,0.4690570831298828
41,0.6004509925842285
61,0.46158289909362793
81,0.46968793869018555
101,0.46553707122802734
121,0.5831248760223389
141,0.6744968891143799
161,0.5064232349395752
181,0.5149502754211426
201,0.46857118606567383
221,0.4662966728210449
241,0.48827290534973145
261,0.7942001819610596
