epoch,Data_selection_execution_time
21,0.41811513900756836
41,0.42366695404052734
61,0.4286677837371826
81,0.4255807399749756
101,0.4301738739013672
121,0.42539119720458984
141,0.4404129981994629
161,0.4251227378845215
181,0.4148721694946289
201,0.4210851192474365
221,0.42548298835754395
241,0.4266660213470459
261,0.44418811798095703
