epoch,Data_selection_execution_time
21,0.5012068748474121
41,0.454509973526001
61,1.1174240112304688
81,0.5444869995117188
101,0.4688901901245117
121,0.44944000244140625
141,0.4617118835449219
161,0.4624490737915039
181,0.46541500091552734
201,0.620377779006958
221,0.4659130573272705
241,0.44590306282043457
261,0.4802272319793701
