epoch,Data_selection_execution_time
21,0.441516637802124
41,0.43121790885925293
61,0.44798994064331055
81,0.4360349178314209
101,0.4469621181488037
121,0.4255821704864502
141,0.44968318939208984
161,0.4438760280609131
181,0.45356273651123047
201,0.4360487461090088
221,0.4450359344482422
241,0.43749189376831055
261,0.44825291633605957
