epoch,Data_selection_execution_time
21,0.47663068771362305
41,0.4619009494781494
61,0.45021986961364746
81,0.41091489791870117
101,7.07462215423584
121,0.4387319087982178
141,0.40967607498168945
161,0.47913193702697754
181,0.43814587593078613
201,0.45880889892578125
221,0.4450838565826416
241,0.44768476486206055
261,0.434643030166626
