epoch,Data_selection_execution_time
21,0.5053586959838867
41,0.445479154586792
61,0.4571950435638428
81,0.4490828514099121
101,0.4350769519805908
121,0.4718742370605469
141,0.4503788948059082
161,0.4593169689178467
181,0.4542989730834961
201,0.47525501251220703
221,0.44885897636413574
241,0.4554629325866699
261,0.5033080577850342
