epoch,Data_selection_execution_time
21,0.46917009353637695
41,0.4569849967956543
61,0.5050489902496338
81,0.42435598373413086
101,0.42335009574890137
121,0.4163362979888916
141,0.42868781089782715
161,0.45476579666137695
181,0.41967320442199707
201,0.44644618034362793
221,0.4251370429992676
241,0.42520713806152344
261,0.41519618034362793
