epoch,Data_selection_execution_time
21,0.43371105194091797
41,0.42490339279174805
61,0.42786502838134766
81,0.4179229736328125
101,0.40398383140563965
121,0.4069252014160156
141,0.42438817024230957
161,0.40894389152526855
181,0.40711307525634766
201,0.4162418842315674
221,0.41077399253845215
241,0.4023001194000244
261,0.41567301750183105
