epoch,Data_selection_execution_time
21,0.5496070384979248
41,0.534600019454956
61,0.531317949295044
81,0.565201997756958
