epoch,Data_selection_execution_time
21,0.5470120906829834
41,0.521172046661377
61,0.52571702003479
81,0.5261576175689697
