epoch,Data_selection_execution_time
21,0.5263450145721436
41,0.5402498245239258
61,0.5250906944274902
81,0.5387351512908936
