epoch,Data_selection_execution_time
21,0.5279769897460938
41,0.6156928539276123
61,0.6376142501831055
81,0.6422758102416992
101,0.6588397026062012
121,0.6568069458007812
141,0.6514849662780762
161,0.7090098857879639
181,0.5986988544464111
201,0.5735197067260742
