epoch,Data_selection_execution_time
21,0.5197598934173584
41,0.5292658805847168
61,0.5225930213928223
81,0.5250649452209473
