epoch,Data_selection_execution_time
21,0.5302808284759521
41,0.5243260860443115
61,0.5288631916046143
81,0.5195159912109375
