epoch,Data_selection_execution_time
21,0.5163590908050537
41,0.5246179103851318
61,0.5276000499725342
81,0.5291309356689453
