epoch,Data_selection_execution_time
21,0.5397579669952393
41,0.544320821762085
61,0.5355000495910645
81,0.5318961143493652
