epoch,Data_selection_execution_time
21,0.5167279243469238
41,0.5738999843597412
61,0.511660099029541
81,0.5145061016082764
