epoch,Data_selection_execution_time
21,5.335085153579712
41,8.520067930221558
61,8.444220304489136
