epoch,Data_selection_execution_time
21,5.364809989929199
41,5.125496864318848
61,7.799378871917725
