epoch,Data_selection_execution_time
21,5.933943748474121
41,8.99385404586792
61,8.084224939346313
