epoch,Data_selection_execution_time
21,5.4569127559661865
41,6.218433856964111
61,5.208491086959839
