epoch,Data_selection_execution_time
21,5.127904176712036
41,8.348131656646729
61,8.498357057571411
