epoch,Data_selection_execution_time
21,5.88948917388916
41,6.878968238830566
61,8.796030044555664
