epoch,Data_selection_execution_time
21,5.809267044067383
41,6.8875110149383545
61,8.097323894500732
