epoch,Data_selection_execution_time
21,5.4340879917144775
41,8.475366115570068
61,8.442950248718262
