epoch,Data_selection_execution_time
21,5.7909791469573975
41,8.77348518371582
61,7.287596940994263
