epoch,Data_selection_execution_time
21,5.583822011947632
41,7.323369026184082
61,8.979221105575562
