epoch,Data_selection_execution_time
21,5.139498949050903
41,5.309134006500244
61,7.635467052459717
