epoch,Data_selection_execution_time
21,5.303638935089111
41,8.313538074493408
61,8.419248819351196
