epoch,Data_selection_execution_time
21,5.435266733169556
41,8.354304075241089
61,8.304227828979492
