epoch,Data_selection_execution_time
21,5.334762096405029
41,6.3679139614105225
61,7.619613885879517
