epoch,Data_selection_execution_time
21,5.438361883163452
41,6.3432300090789795
61,8.395879030227661
