epoch,Data_selection_execution_time
21,0.39826107025146484
41,0.39632201194763184
61,0.40010809898376465
81,0.39078307151794434
101,0.3894991874694824
121,0.3857591152191162
141,0.3873119354248047
161,0.3665652275085449
181,0.398759126663208
201,0.412844181060791
221,0.3747589588165283
241,0.402742862701416
261,0.40161991119384766
