epoch,Data_selection_execution_time
21,0.540045976638794
41,0.40568089485168457
61,0.45820188522338867
81,0.4487168788909912
101,0.43333983421325684
121,0.4453461170196533
141,0.4546360969543457
161,0.4622011184692383
181,0.48198866844177246
201,0.4712848663330078
221,0.4507291316986084
241,0.9786560535430908
261,0.43871307373046875
