epoch,Data_selection_execution_time
21,0.39651989936828613
41,0.38887667655944824
61,0.3953220844268799
81,0.38693785667419434
101,0.39917898178100586
121,0.38493990898132324
141,0.39679622650146484
161,0.38156986236572266
181,0.39095616340637207
201,0.3867950439453125
221,0.3931081295013428
241,0.4007740020751953
261,0.3777339458465576
