epoch,Data_selection_execution_time
21,0.7865219116210938
41,0.401932954788208
61,0.4208059310913086
81,0.40335893630981445
101,0.40824079513549805
121,0.4270517826080322
141,0.4102349281311035
161,0.41796302795410156
181,0.42205381393432617
201,0.419597864151001
221,0.40206408500671387
241,0.41562891006469727
261,0.40404820442199707
