epoch,Data_selection_execution_time
21,0.39144325256347656
41,0.3935260772705078
61,0.38321781158447266
81,0.3860759735107422
101,0.39055514335632324
121,0.38193488121032715
141,0.3914608955383301
161,0.38815784454345703
181,0.3811311721801758
201,0.3939340114593506
221,0.38573408126831055
241,0.38802289962768555
261,0.3893558979034424
