epoch,Data_selection_execution_time
21,0.40709900856018066
41,0.39829516410827637
61,0.4198739528656006
81,0.40662097930908203
101,0.40556788444519043
121,0.4105257987976074
141,0.4083058834075928
161,0.38718724250793457
181,0.40648794174194336
201,0.3741340637207031
221,0.3725130558013916
241,0.3964707851409912
261,0.395766019821167
