epoch,Data_selection_execution_time
21,0.38297510147094727
41,0.3856639862060547
61,0.41393589973449707
81,0.41434597969055176
101,0.4155609607696533
121,0.4115419387817383
141,0.4053938388824463
161,0.43167591094970703
181,0.41408610343933105
201,0.4148740768432617
221,0.4107060432434082
241,0.41069579124450684
261,0.41025686264038086
