epoch,Data_selection_execution_time
21,0.41051483154296875
41,0.3997812271118164
61,0.40163302421569824
81,0.39128589630126953
101,0.45316624641418457
121,0.5748720169067383
141,0.6780800819396973
161,0.4613158702850342
181,0.7329528331756592
201,1.1187498569488525
221,0.9013769626617432
241,0.48302173614501953
261,0.4389679431915283
