epoch,Data_selection_execution_time
21,0.3868398666381836
41,0.3794670104980469
61,0.3964202404022217
81,0.38526105880737305
101,0.3975050449371338
121,0.39052796363830566
141,0.4024171829223633
161,0.3892791271209717
181,0.38554906845092773
201,0.39223408699035645
221,0.38382911682128906
241,0.38906383514404297
261,0.42004895210266113
