epoch,Data_selection_execution_time
21,0.511378288269043
41,0.5773482322692871
61,0.44406986236572266
81,8.996466875076294
101,0.4025719165802002
121,0.40086913108825684
141,0.4050891399383545
161,0.3985910415649414
181,0.4099311828613281
201,0.3940458297729492
221,0.41347789764404297
241,0.45922017097473145
261,0.42594385147094727
