epoch,Data_selection_execution_time
21,0.4652690887451172
41,0.4599428176879883
61,0.40733909606933594
81,0.4078347682952881
101,0.47230076789855957
121,0.4171452522277832
141,0.45924806594848633
161,0.4596259593963623
181,0.4192821979522705
201,0.4223899841308594
221,0.42638683319091797
241,0.5892810821533203
261,0.40520715713500977
