epoch,Data_selection_execution_time
21,0.38348889350891113
41,0.39211392402648926
61,0.38896989822387695
81,0.3777458667755127
101,0.3884289264678955
121,0.3971397876739502
141,0.3952140808105469
161,0.39026379585266113
181,0.3821990489959717
201,0.3800168037414551
221,0.39383602142333984
241,0.3827357292175293
261,0.3869807720184326
