epoch,Data_selection_execution_time
21,0.4083080291748047
41,0.3994741439819336
61,0.37813568115234375
81,0.38350486755371094
101,0.3884270191192627
121,0.3785829544067383
141,0.368009090423584
161,0.3699057102203369
181,0.36863183975219727
201,0.371873140335083
221,0.38805365562438965
241,0.39613795280456543
261,0.411391019821167
