epoch,Data_selection_execution_time
21,0.4069669246673584
41,0.4023001194000244
61,8.984426021575928
81,0.42875194549560547
101,0.41449499130249023
121,0.41063714027404785
141,0.40925002098083496
161,0.39731311798095703
181,0.398693323135376
201,0.4286482334136963
221,0.7817490100860596
241,0.3869602680206299
261,0.45624709129333496
