epoch,Data_selection_execution_time
21,0.38718700408935547
41,0.3827698230743408
61,0.4197719097137451
81,0.4084289073944092
101,0.40697407722473145
121,0.40448617935180664
141,0.4037771224975586
161,0.40903496742248535
181,0.41530799865722656
201,0.41398191452026367
221,0.4139389991760254
241,0.5770659446716309
261,0.40978312492370605
