epoch,Data_selection_execution_time
21,0.3802030086517334
41,0.3837423324584961
61,0.3741748332977295
81,0.37727999687194824
