epoch,Data_selection_execution_time
21,5.402936935424805
41,8.49971318244934
61,5.462997198104858
