epoch,Data_selection_execution_time
21,5.662955045700073
41,8.746955156326294
61,8.650738954544067
