epoch,Data_selection_execution_time
21,3.1686408519744873
41,6.765239953994751
61,6.122447967529297
