epoch,Data_selection_execution_time
21,5.78397798538208
41,8.626026153564453
61,8.628721237182617
