epoch,Data_selection_execution_time
21,5.312366962432861
41,8.536606073379517
61,5.80177903175354
