epoch,Data_selection_execution_time
21,5.3447489738464355
41,8.648447036743164
61,8.41990876197815
