epoch,Data_selection_execution_time
21,3.085048198699951
41,3.11826491355896
61,6.690293073654175
