epoch,Data_selection_execution_time
21,5.307904005050659
41,8.178436756134033
61,5.609411001205444
