epoch,Data_selection_execution_time
21,3.191534996032715
41,3.979177951812744
61,3.3306338787078857
