epoch,Data_selection_execution_time
21,3.204530954360962
41,3.2882609367370605
61,5.517714977264404
