epoch,Data_selection_execution_time
21,5.620697975158691
41,8.668468952178955
61,8.630952835083008
