epoch,Data_selection_execution_time
21,5.711755990982056
41,8.717198848724365
61,8.610591888427734
