epoch,Data_selection_execution_time
21,5.299322128295898
41,8.424447059631348
61,8.414993286132812
