epoch,Data_selection_execution_time
21,5.748829126358032
41,8.690002918243408
61,8.678656101226807
