epoch,Data_selection_execution_time
21,3.2018330097198486
41,3.157081127166748
61,6.728394985198975
