epoch,Data_selection_execution_time
21,6.919827938079834
41,4.696943759918213
61,4.662201166152954
81,4.829554796218872
101,116.22793412208557
121,2.6986260414123535
141,2.166799306869507
161,1.9978001117706299
181,1.9431021213531494
201,2.079237222671509
221,1.9993338584899902
241,2.6036369800567627
261,2.30493426322937
