epoch,Data_selection_execution_time
21,4.467602729797363
41,17.397459983825684
61,4.432999849319458
81,4.417022943496704
101,4.535568952560425
121,17.24925184249878
141,4.615638017654419
161,4.53326416015625
181,4.417625904083252
201,4.553786993026733
221,4.619577169418335
241,4.301728010177612
261,4.552859306335449
