epoch,Data_selection_execution_time
21,4.647254228591919
41,4.482398986816406
61,4.456447124481201
81,4.523177862167358
101,4.594037055969238
121,4.542141914367676
141,4.506561994552612
161,4.554356813430786
181,20.70240092277527
201,4.650991916656494
221,4.435964107513428
241,4.487579822540283
261,4.591890096664429
