epoch,Data_selection_execution_time
21,1.312851905822754
41,3.2525129318237305
61,1.425699234008789
81,3.4984829425811768
