epoch,Data_selection_execution_time
21,1.329805850982666
41,4.10036301612854
61,1.799245834350586
81,3.7938339710235596
