epoch,Data_selection_execution_time
21,1.3192546367645264
41,1.6886780261993408
61,1.9267590045928955
81,4.688054800033569
