epoch,Data_selection_execution_time
21,1.340507984161377
41,1.6804938316345215
61,1.7922377586364746
81,1.7639763355255127
