epoch,Data_selection_execution_time
21,1.3173191547393799
41,1.7086870670318604
61,1.545795202255249
81,1.5898630619049072
