epoch,Data_selection_execution_time
21,0.35085320472717285
41,0.35321497917175293
61,0.35569095611572266
81,0.35659193992614746
