epoch,Data_selection_execution_time
21,0.36223483085632324
41,0.35509490966796875
61,0.35819506645202637
81,0.36374974250793457
