epoch,Data_selection_execution_time
21,4.483047246932983
41,7.411901950836182
61,7.48891282081604
