epoch,Data_selection_execution_time
21,4.416388273239136
41,7.402055978775024
61,4.6495680809021
