epoch,Data_selection_execution_time
21,4.0771942138671875
41,7.334249258041382
61,7.280086040496826
