epoch,Data_selection_execution_time
21,4.348963975906372
41,3.9065499305725098
61,3.8979580402374268
