epoch,Data_selection_execution_time
21,4.5763490200042725
41,7.468955755233765
61,7.379934310913086
