epoch,Data_selection_execution_time
21,2.9618899822235107
41,6.169183969497681
61,6.419475078582764
