epoch,Data_selection_execution_time
21,2.933321952819824
41,6.200613975524902
61,6.117110013961792
