epoch,Data_selection_execution_time
21,2.857590913772583
41,6.248631238937378
61,6.139625072479248
