epoch,Data_selection_execution_time
21,5.236706018447876
41,3.9523370265960693
61,4.276648044586182
