epoch,Data_selection_execution_time
21,2.9354701042175293
41,6.1888580322265625
61,6.3540358543396
