epoch,Data_selection_execution_time
21,4.401652097702026
41,5.096266031265259
61,7.481554985046387
