epoch,Data_selection_execution_time
21,19.233507871627808
41,42.42717003822327
61,44.899548053741455
