epoch,Data_selection_execution_time
21,4.5086510181427
41,7.454745054244995
61,7.480461120605469
