epoch,Data_selection_execution_time
21,76.0178210735321
41,67.34332084655762
61,19.878180980682373
