epoch,Data_selection_execution_time
21,2.9620070457458496
41,6.199122905731201
61,6.180882930755615
