epoch,Data_selection_execution_time
21,12.642043828964233
41,15.267400979995728
61,15.092404842376709
