epoch,Data_selection_execution_time
21,15.30544900894165
41,15.581076860427856
61,20.74948501586914
