epoch,Data_selection_execution_time
21,14.984569787979126
41,7.053813934326172
61,15.344265937805176
