epoch,Data_selection_execution_time
21,14.7427818775177
41,17.707190990447998
61,18.322278022766113
