epoch,Data_selection_execution_time
21,13.08773922920227
41,13.233767986297607
61,13.352766990661621
