epoch,Data_selection_execution_time
21,15.151298761367798
41,15.307883024215698
61,15.750168800354004
