epoch,Data_selection_execution_time
21,14.338721990585327
41,14.365262031555176
61,14.070519208908081
