epoch,Data_selection_execution_time
21,7.44507908821106
41,14.369765758514404
61,11.558838129043579
