epoch,Data_selection_execution_time
21,13.420266151428223
41,16.316463232040405
61,16.44685983657837
