epoch,Data_selection_execution_time
21,10.549467086791992
41,12.801831722259521
61,12.758556842803955
