epoch,Data_selection_execution_time
21,14.57393479347229
41,16.932379007339478
61,10.0537850856781
