epoch,Data_selection_execution_time
21,9.346943855285645
41,12.83748197555542
61,15.488049983978271
