epoch,Data_selection_execution_time
21,15.693557024002075
41,10.279702186584473
61,17.696685075759888
