epoch,Data_selection_execution_time
21,14.155197143554688
41,16.10301685333252
61,17.240597009658813
