epoch,Data_selection_execution_time
21,14.003867864608765
41,16.53736710548401
61,17.221740007400513
