epoch,Data_selection_execution_time
21,10.065068006515503
41,9.464470863342285
61,9.537050008773804
