epoch,Data_selection_execution_time
21,4.188610076904297
41,7.226142883300781
61,7.09512996673584
