epoch,Data_selection_execution_time
21,3.775897979736328
41,7.100020885467529
61,7.002016067504883
