epoch,Data_selection_execution_time
21,8.973186016082764
41,8.623130083084106
61,8.539200067520142
