epoch,Data_selection_execution_time
21,3.860508918762207
41,6.999098777770996
61,6.905449867248535
