epoch,Data_selection_execution_time
21,4.283689975738525
41,7.575379371643066
61,7.481266975402832
