epoch,Data_selection_execution_time
21,4.685887098312378
41,7.608958959579468
61,7.557183027267456
