epoch,Data_selection_execution_time
21,4.172256946563721
41,7.369849681854248
61,7.136666774749756
