epoch,Data_selection_execution_time
21,10.016511917114258
41,9.553348779678345
61,10.004234075546265
