epoch,Data_selection_execution_time
21,4.594385147094727
41,7.557539701461792
61,7.422667026519775
