epoch,Data_selection_execution_time
21,3.743352174758911
41,7.006261110305786
61,7.081847190856934
