epoch,Data_selection_execution_time
21,4.01395320892334
41,7.210024833679199
61,7.103448152542114
