epoch,Data_selection_execution_time
21,4.578269004821777
41,7.556166887283325
61,7.472668170928955
