epoch,Data_selection_execution_time
21,4.376287937164307
41,7.130202293395996
61,7.12349009513855
