epoch,Data_selection_execution_time
21,3.916208028793335
41,6.949107885360718
61,6.781965017318726
