epoch,Data_selection_execution_time
21,26.35923194885254
41,23.987867832183838
61,24.3473482131958
81,28.052721977233887
