epoch,Data_selection_execution_time
21,23.038397073745728
41,24.379828214645386
61,25.30761694908142
81,25.890034914016724
