epoch,Data_selection_execution_time
21,23.373732805252075
41,25.72718906402588
61,25.397688150405884
81,27.402568101882935
