epoch,Data_selection_execution_time
21,6102.485205888748
41,26.42595601081848
61,25.499908685684204
81,24.636797189712524
