epoch,Data_selection_execution_time
21,18.62021017074585
41,14.386227130889893
61,18.9027841091156
81,58.47608709335327
