epoch,Data_selection_execution_time
21,1.7269911766052246
41,2.678802013397217
61,5.029499053955078
