epoch,Data_selection_execution_time
21,1.7325050830841064
41,2.654664993286133
61,4.922813892364502
