epoch,Data_selection_execution_time
21,1.4990370273590088
41,1.2404470443725586
61,1.5433428287506104
