epoch,Data_selection_execution_time
21,1.5583000183105469
41,1.2953920364379883
61,1.5049190521240234
