epoch,Data_selection_execution_time
21,1.241136074066162
41,1.611692190170288
61,1.5465381145477295
