epoch,Data_selection_execution_time
21,1.207597017288208
41,1.5675897598266602
61,1.663165807723999
