epoch,Data_selection_execution_time
21,1.438493013381958
41,4.8892822265625
61,4.840429782867432
