epoch,Data_selection_execution_time
21,1.764369249343872
41,5.093604326248169
61,3.0842621326446533
