epoch,Data_selection_execution_time
21,12.833484649658203
41,2.8643877506256104
61,3.6095879077911377
81,11.726607084274292
101,1.5366778373718262
121,9.766036033630371
141,1.5411829948425293
161,3.8587570190429688
181,10.41075086593628
201,1.520888090133667
