epoch,Data_selection_execution_time
21,1.7070000171661377
41,5.049498796463013
61,3.2190170288085938
