epoch,Data_selection_execution_time
21,1.5620601177215576
41,1.222334861755371
61,1.6419742107391357
