epoch,Data_selection_execution_time
21,1.531907081604004
41,3.0061259269714355
61,10.743506908416748
81,2.2959020137786865
101,2.7250800132751465
121,10.850157976150513
141,2.677863121032715
161,3.857351779937744
181,10.95555305480957
201,2.4812731742858887
