epoch,Data_selection_execution_time
21,7.282336711883545
41,8.201728820800781
61,10.303224086761475
