epoch,Data_selection_execution_time
21,7.476185083389282
41,10.441653966903687
61,10.987486124038696
