epoch,Data_selection_execution_time
21,7.17297887802124
41,11.499567985534668
61,12.286424160003662
