epoch,Data_selection_execution_time
21,7.3152546882629395
41,6.924860000610352
61,7.010419130325317
