epoch,Data_selection_execution_time
21,7.322074890136719
41,10.568934917449951
61,10.43912386894226
