epoch,Data_selection_execution_time
21,6.854892015457153
41,6.903027057647705
61,7.161296844482422
