epoch,Data_selection_execution_time
21,7.669075965881348
41,12.628092050552368
61,12.418184995651245
