epoch,Data_selection_execution_time
21,7.187777042388916
41,7.052182912826538
61,7.147002696990967
