epoch,Data_selection_execution_time
21,7.448408842086792
41,11.028412103652954
61,10.102857828140259
