epoch,Data_selection_execution_time
21,7.056334972381592
41,10.39195990562439
61,10.437451124191284
