epoch,Data_selection_execution_time
21,7.2916107177734375
41,10.315026998519897
61,10.055058002471924
