epoch,Data_selection_execution_time
21,7.470947980880737
41,10.321712732315063
61,10.81291913986206
