epoch,Data_selection_execution_time
21,7.294474124908447
41,7.07054591178894
61,6.845264911651611
