epoch,Data_selection_execution_time
21,7.0910961627960205
41,6.866557359695435
61,7.080605745315552
