epoch,Data_selection_execution_time
21,7.589740037918091
41,10.275273084640503
61,10.112466096878052
