epoch,Data_selection_execution_time
21,1.5854320526123047
41,1.7837259769439697
61,1.5171678066253662
81,1.5378870964050293
