epoch,Data_selection_execution_time
21,1.3208861351013184
41,1.6313230991363525
61,3.2468719482421875
81,1.4602630138397217
