epoch,Data_selection_execution_time
21,1.3747482299804688
41,1.4364569187164307
61,1.4537370204925537
81,1.5408360958099365
101,5.434815883636475
121,1.3741230964660645
141,1.361652135848999
161,1.3519208431243896
181,1.8434128761291504
201,1.3521161079406738
