epoch,Data_selection_execution_time
21,1.3455500602722168
41,1.3638761043548584
61,1.3454868793487549
81,1.3406200408935547
101,2.2234930992126465
121,2.661127805709839
141,2.8008358478546143
161,2.5439629554748535
181,1.644901990890503
201,2.687650203704834
