epoch,Data_selection_execution_time
21,1.3152639865875244
41,2.7635281085968018
61,1.7812700271606445
81,1.5272791385650635
