epoch,Data_selection_execution_time
21,1.3499529361724854
41,2.0123400688171387
61,1.782499074935913
81,1.6935601234436035
