epoch,Data_selection_execution_time
21,0.5263681411743164
41,0.5293660163879395
61,0.5339069366455078
81,0.5201537609100342
