epoch,Data_selection_execution_time
21,0.7262861728668213
41,0.55784010887146
61,0.5847921371459961
81,0.6008272171020508
101,0.5650308132171631
121,0.6268279552459717
141,0.5804200172424316
161,0.5662009716033936
181,0.5194399356842041
201,0.5954208374023438
