epoch,Data_selection_execution_time
21,0.5418469905853271
41,0.5540621280670166
61,0.549170970916748
81,0.5445969104766846
