epoch,Data_selection_execution_time
21,0.5419940948486328
41,0.5479879379272461
61,0.5651347637176514
81,0.5800271034240723
101,0.5731809139251709
121,0.5774021148681641
141,0.5656778812408447
161,0.5777928829193115
181,0.6030678749084473
201,0.592656135559082
