epoch,Data_selection_execution_time
21,0.5546598434448242
41,0.5498759746551514
61,0.5629150867462158
81,0.5587327480316162
