epoch,Data_selection_execution_time
21,121.10973477363586
41,124.77324604988098
61,121.04552221298218
81,84.80809211730957
