epoch,Data_selection_execution_time
21,93.30739283561707
41,109.91156101226807
61,111.68894720077515
81,100.02258610725403
