epoch,Data_selection_execution_time
21,126.50315403938293
41,131.6440408229828
61,80.42960500717163
81,382.99806809425354
