epoch,Data_selection_execution_time
21,290.49764609336853
41,389.9795470237732
61,371.40116715431213
81,264.5524401664734
