epoch,Data_selection_execution_time
21,83.57330679893494
41,83.70545172691345
61,89.9874918460846
81,85.19145965576172
