epoch,Data_selection_execution_time
21,0.49709105491638184
41,0.46306490898132324
61,0.48044490814208984
