epoch,Data_selection_execution_time
21,0.4425926208496094
41,0.7109520435333252
61,0.4750370979309082
81,0.4769721031188965
101,0.47382092475891113
121,0.4543900489807129
141,7.925673961639404
161,0.4690358638763428
181,0.46518516540527344
201,7.671471834182739
