epoch,Data_selection_execution_time
21,0.49306392669677734
41,0.473891019821167
61,0.4812042713165283
