epoch,Data_selection_execution_time
21,0.47339606285095215
41,0.46568894386291504
61,0.4745821952819824
81,0.4923057556152344
101,0.47686100006103516
121,0.6784319877624512
141,0.4857039451599121
161,0.524909257888794
181,0.5016560554504395
201,0.49016308784484863
