epoch,Data_selection_execution_time
21,0.5675101280212402
41,0.3497343063354492
61,0.3760800361633301
