epoch,Data_selection_execution_time
21,0.4840679168701172
41,0.4989790916442871
61,0.4657289981842041
