epoch,Data_selection_execution_time
21,0.36152100563049316
41,0.35427188873291016
61,0.3590099811553955
