epoch,Data_selection_execution_time
21,0.3447990417480469
41,0.3249080181121826
61,0.3508620262145996
