epoch,Data_selection_execution_time
21,0.4529390335083008
41,0.4278590679168701
61,0.44667911529541016
81,0.4524211883544922
101,0.4516417980194092
121,0.4832589626312256
141,0.4888620376586914
161,0.47634100914001465
181,0.582496166229248
201,0.4738907814025879
