epoch,Data_selection_execution_time
21,0.5037271976470947
41,0.5014081001281738
61,0.47753190994262695
