epoch,Data_selection_execution_time
21,0.37342000007629395
41,0.37738680839538574
61,0.37912917137145996
