epoch,Data_selection_execution_time
21,0.37218475341796875
41,0.3745737075805664
61,0.3829648494720459
