epoch,Data_selection_execution_time
21,0.4682278633117676
41,0.48805689811706543
61,0.49015283584594727
81,0.48604321479797363
101,0.4716358184814453
121,0.5515801906585693
141,0.48328709602355957
161,0.49436402320861816
181,0.45621299743652344
201,0.5070672035217285
