epoch,Data_selection_execution_time
21,0.6823081970214844
41,0.4846367835998535
61,0.48601508140563965
