epoch,Data_selection_execution_time
21,1.3144659996032715
41,1.65604829788208
61,1.4057233333587646
81,1.6565008163452148
