epoch,Data_selection_execution_time
21,1.3280181884765625
41,1.6044690608978271
61,1.5209591388702393
81,1.5805020332336426
