epoch,Data_selection_execution_time
21,1.3402340412139893
41,1.6673569679260254
61,1.5555579662322998
81,3.5805399417877197
