epoch,Data_selection_execution_time
21,0.45352768898010254
41,0.45221519470214844
61,0.46449804306030273
81,0.4592478275299072
