epoch,Data_selection_execution_time
21,0.37162089347839355
41,0.3800172805786133
61,0.3722062110900879
81,0.3735480308532715
