epoch,Data_selection_execution_time
21,0.36492013931274414
41,0.3864288330078125
61,0.36846184730529785
81,0.36009907722473145
