epoch,Data_selection_execution_time
21,0.36901092529296875
41,0.37042784690856934
61,0.368304967880249
81,0.372204065322876
