epoch,Data_selection_execution_time
21,0.365811824798584
41,0.37169575691223145
61,0.3674349784851074
81,0.3730297088623047
