epoch,Data_selection_execution_time
21,0.454679012298584
41,0.46009016036987305
61,0.45386505126953125
81,0.45922422409057617
