epoch,Data_selection_execution_time
21,7.1842710971832275
41,7.21231484413147
61,7.135499954223633
