epoch,Data_selection_execution_time
21,7.179241895675659
41,7.103639125823975
61,10.065303087234497
