epoch,Data_selection_execution_time
21,6.960422039031982
41,6.809786081314087
61,6.886254072189331
