epoch,Data_selection_execution_time
21,7.065096855163574
41,10.24308705329895
61,10.255290269851685
