epoch,Data_selection_execution_time
21,7.288434028625488
41,10.425552129745483
61,10.38481879234314
