epoch,Data_selection_execution_time
21,7.235801935195923
41,10.26567029953003
61,10.066771984100342
