epoch,Data_selection_execution_time
21,7.5174336433410645
41,10.404301166534424
61,10.582086086273193
