epoch,Data_selection_execution_time
21,7.257438898086548
41,10.328023195266724
61,10.128706932067871
