epoch,Data_selection_execution_time
21,7.20034384727478
41,7.3767759799957275
61,6.760355710983276
