epoch,Data_selection_execution_time
21,7.052896976470947
41,10.401372909545898
61,10.392887830734253
