epoch,Data_selection_execution_time
21,7.183712959289551
41,10.54974889755249
61,10.593233823776245
