epoch,Data_selection_execution_time
21,6.929957866668701
41,7.034363031387329
61,7.03277587890625
