epoch,Data_selection_execution_time
21,7.220507860183716
41,10.036278009414673
61,9.887765884399414
