epoch,Data_selection_execution_time
21,6.948084831237793
41,7.4272141456604
61,7.090034246444702
