epoch,Data_selection_execution_time
21,7.305021047592163
41,10.209845066070557
61,10.277141094207764
