epoch,Data_selection_execution_time
21,85.67219614982605
41,44.53332591056824
61,44.92098808288574
81,46.49345421791077
101,47.684648752212524
121,46.524442195892334
141,47.353318214416504
161,54.41728901863098
181,40.938318729400635
201,42.753623962402344
221,44.14974904060364
241,47.83615279197693
261,43.64727592468262
281,51.560072898864746
