epoch,Data_selection_execution_time
21,1.6370642185211182
41,0.3322257995605469
61,0.343858003616333
81,0.3407618999481201
101,0.33884501457214355
121,0.3349921703338623
141,0.34009313583374023
161,0.3206150531768799
181,0.3397250175476074
201,0.466231107711792
