epoch,Data_selection_execution_time
21,1.5343589782714844
41,0.34749627113342285
61,0.3448922634124756
81,0.34845995903015137
101,0.3436439037322998
121,0.3377561569213867
141,0.46240997314453125
161,0.4665517807006836
181,0.33829307556152344
201,0.3490617275238037
