epoch,Data_selection_execution_time
21,2.8911077976226807
41,0.49843883514404297
61,0.49924492835998535
