epoch,Data_selection_execution_time
21,1.574476957321167
41,0.33960604667663574
61,0.3294029235839844
81,0.46782422065734863
101,0.49584221839904785
121,0.32853174209594727
141,0.3289980888366699
161,0.3474388122558594
181,0.3340742588043213
201,0.33028101921081543
