epoch,Data_selection_execution_time
21,1.4722869396209717
41,0.34050703048706055
61,0.3347647190093994
