epoch,Data_selection_execution_time
21,2.7465689182281494
41,0.7759909629821777
61,9.906395196914673
81,0.7085261344909668
101,2.945148229598999
121,4.826195001602173
141,3.206881046295166
161,6.2947282791137695
181,4.826111078262329
201,1.9569001197814941
