epoch,Data_selection_execution_time
21,1.5926649570465088
41,0.3837409019470215
61,0.3780636787414551
