epoch,Data_selection_execution_time
21,0.3330376148223877
41,0.3457911014556885
61,0.3278770446777344
