epoch,Data_selection_execution_time
21,2.233582019805908
41,3.506603717803955
61,5.931063890457153
81,0.7133772373199463
101,0.5098080635070801
121,0.7003991603851318
141,1.6226561069488525
161,1.1189720630645752
181,1.488145112991333
201,2.648113250732422
