epoch,Data_selection_execution_time
21,0.937432050704956
41,0.34552907943725586
61,0.46068406105041504
