epoch,Data_selection_execution_time
21,0.4383091926574707
41,0.5000617504119873
61,0.3852040767669678
81,0.5052149295806885
101,0.6031861305236816
121,0.5974550247192383
141,1.3636720180511475
161,0.9980909824371338
181,0.5731627941131592
201,0.5114781856536865
