epoch,Data_selection_execution_time
21,2.3488352298736572
41,0.4576578140258789
61,0.45133018493652344
