epoch,Data_selection_execution_time
21,1.7084681987762451
41,0.3813960552215576
61,0.49423813819885254
