epoch,Data_selection_execution_time
21,2.0892889499664307
41,0.37488389015197754
61,0.38188886642456055
