epoch,Data_selection_execution_time
21,1.729585886001587
41,0.48149800300598145
61,0.32210612297058105
81,0.32651305198669434
101,0.33652710914611816
121,0.3406839370727539
141,0.47537922859191895
161,0.34297680854797363
181,0.34047698974609375
201,0.3208489418029785
