epoch,Data_selection_execution_time
21,1.361361026763916
41,4.664438962936401
61,1.564950942993164
81,4.04848313331604
