epoch,Data_selection_execution_time
21,36.846519231796265
41,36.056928873062134
61,35.978978633880615
81,38.19155716896057
