epoch,Data_selection_execution_time
21,78.25471782684326
41,211.9740810394287
61,246.63263416290283
81,85.36291193962097
