epoch,Data_selection_execution_time
21,59.29381203651428
41,61.034706830978394
61,63.59124302864075
81,65.19408321380615
