epoch,Data_selection_execution_time
21,37.05830979347229
41,37.228692054748535
61,37.64969611167908
81,45.8529589176178
