epoch,Data_selection_execution_time
21,69.20999503135681
41,70.70791983604431
61,74.03212404251099
81,74.95491003990173
