epoch,Data_selection_execution_time
21,4.821522951126099
41,1.9566261768341064
61,1.9207420349121094
81,13.520432233810425
101,1.845768928527832
121,1.7337608337402344
141,1.7112650871276855
161,1.7082886695861816
181,1.6772129535675049
201,1.862536907196045
221,1.8542819023132324
241,1.859429121017456
261,1.8086559772491455
