epoch,Data_selection_execution_time
21,1.7029728889465332
41,1.680361032485962
61,4.651270151138306
81,1.7423670291900635
101,1.7327439785003662
121,1.693594217300415
141,4.432972192764282
161,1.7083840370178223
181,1.6976039409637451
201,1.724424123764038
221,22.70494794845581
241,4.608317852020264
261,1.747917890548706
