epoch,Data_selection_execution_time
21,1.7215681076049805
41,1.7234432697296143
61,1.6987988948822021
81,4.385895013809204
101,1.7130842208862305
121,1.7757039070129395
141,20.671077251434326
161,4.527685880661011
181,1.696974754333496
201,1.7095820903778076
221,1.6931982040405273
241,4.498646974563599
261,1.704399824142456
