epoch,Data_selection_execution_time
21,1.711190938949585
41,4.744017839431763
61,4.5753021240234375
81,3.968303918838501
101,1.7412941455841064
121,2.0545382499694824
141,1.6965811252593994
161,1.6810779571533203
181,1.6764638423919678
201,1.6893119812011719
221,1.6870982646942139
241,1.6931030750274658
261,1.6487197875976562
