epoch,Data_selection_execution_time
21,1.6881611347198486
41,4.115009069442749
61,3.4123990535736084
81,2.0371899604797363
101,1.7773559093475342
121,2.0995311737060547
141,2.1962051391601562
161,4.375648021697998
181,4.581934213638306
201,1.7352919578552246
221,2.0124263763427734
241,1.7029249668121338
261,2.789834976196289
