epoch,Data_selection_execution_time
21,1.7123429775238037
41,1.712622880935669
61,4.282455921173096
81,1.7185869216918945
101,1.70859694480896
121,1.7110590934753418
141,23.01664400100708
161,4.171407222747803
181,1.7115731239318848
201,1.6875908374786377
221,2.3108768463134766
241,4.488162994384766
261,1.684786081314087
