epoch,Data_selection_execution_time
21,1.7642838954925537
41,4.419492959976196
61,4.5887720584869385
81,1.6735382080078125
101,1.990164041519165
121,1.716515064239502
141,3.186723232269287
161,4.272874116897583
181,4.494027853012085
201,1.721714973449707
221,1.727632761001587
241,1.95831298828125
261,1.8516368865966797
