epoch,Data_selection_execution_time
21,10.078956842422485
41,1.811387062072754
61,1.7896060943603516
81,1.81992506980896
101,1.8133583068847656
121,1.8527920246124268
141,1.8753137588500977
161,1.8143808841705322
181,1.8110990524291992
201,1.878666877746582
221,1.8738560676574707
241,12.314944982528687
261,1.810450792312622
