epoch,Data_selection_execution_time
21,1.7805850505828857
41,11.557049989700317
61,1.8285319805145264
81,1.7421448230743408
101,1.8122680187225342
121,1.8162410259246826
141,1.753783941268921
161,1.8728060722351074
181,1.8893029689788818
201,1.8186321258544922
221,1.8084909915924072
241,1.684333086013794
261,10.764992952346802
