epoch,Data_selection_execution_time
21,1.78110933303833
41,1.7373628616333008
61,1.7506170272827148
81,1.8047797679901123
101,1.7466528415679932
121,1.887389898300171
141,1.8415100574493408
161,1.7642419338226318
181,1.7581052780151367
201,1.7257249355316162
221,10.984283924102783
241,1.7183668613433838
261,1.707345962524414
