epoch,Data_selection_execution_time
21,4.368362903594971
41,1.7867600917816162
61,1.6923768520355225
81,10.050393104553223
101,1.7258827686309814
121,1.68343186378479
141,1.7232608795166016
161,1.6937129497528076
181,10.062917709350586
201,1.7227449417114258
221,1.7174060344696045
241,1.6890099048614502
261,1.6891498565673828
