epoch,Data_selection_execution_time
21,4.542586088180542
41,1.7251839637756348
61,1.7442958354949951
81,1.7252569198608398
101,4.55197811126709
121,1.7248671054840088
141,1.698976993560791
161,4.73670506477356
181,1.7382981777191162
201,1.74937105178833
221,1.7261199951171875
241,4.328016757965088
261,1.6966979503631592
