epoch,Data_selection_execution_time
21,1.7048828601837158
41,1.7464969158172607
61,1.6968541145324707
81,2.17423415184021
101,1.7155871391296387
121,2.163743019104004
141,1.753788948059082
161,2.136047840118408
181,1.646420955657959
201,1.6533050537109375
221,1.6379337310791016
241,1.6315910816192627
261,2.1141581535339355
