epoch,Data_selection_execution_time
21,1.698943853378296
41,1.6910390853881836
61,20.64769673347473
81,4.563031911849976
101,1.7251629829406738
121,1.698383092880249
141,1.748319149017334
161,4.438853025436401
181,1.7029600143432617
201,1.7314679622650146
221,1.7092149257659912
241,23.632293939590454
261,4.651561975479126
