epoch,Data_selection_execution_time
21,1.6882832050323486
41,1.6836600303649902
61,1.8230669498443604
81,1.708301067352295
101,1.6951179504394531
121,1.7087619304656982
141,1.6923832893371582
161,1.6793417930603027
181,1.6943719387054443
201,1.698335886001587
221,1.7151329517364502
241,1.6835989952087402
261,2.078623056411743
