epoch,Data_selection_execution_time
21,0.5478601455688477
41,0.5361218452453613
61,0.5544302463531494
81,0.5224261283874512
101,0.5364060401916504
121,0.5411670207977295
141,0.6043031215667725
161,0.5437650680541992
181,0.5802769660949707
201,0.6310031414031982
