epoch,Data_selection_execution_time
21,0.5099670886993408
41,0.5125019550323486
61,0.5319931507110596
81,0.5033648014068604
