epoch,Data_selection_execution_time
21,0.5118019580841064
41,0.5083668231964111
61,0.5018200874328613
81,0.496201753616333
