epoch,Data_selection_execution_time
21,0.5390701293945312
41,0.5391716957092285
61,0.5692200660705566
81,0.5302379131317139
101,0.5268101692199707
121,0.5380361080169678
141,0.5845596790313721
161,0.5140771865844727
181,0.5904300212860107
201,0.5269911289215088
