epoch,Data_selection_execution_time
21,0.4908289909362793
41,0.49564194679260254
61,0.5040090084075928
81,0.49434494972229004
