epoch,Data_selection_execution_time
21,1.2732467651367188
41,1.5144729614257812
61,1.5096566677093506
