epoch,Data_selection_execution_time
21,6.459437131881714
41,1.4782767295837402
61,1.475276231765747
81,6.116899013519287
101,1.4854130744934082
121,1.4801363945007324
141,6.3031840324401855
161,1.4708251953125
181,1.4751172065734863
201,6.927451133728027
