epoch,Data_selection_execution_time
21,1.235785961151123
41,1.4594600200653076
61,1.5185267925262451
