epoch,Data_selection_execution_time
21,1.6843688488006592
41,4.603636026382446
61,4.922537088394165
