epoch,Data_selection_execution_time
21,1.4386241436004639
41,5.031221866607666
61,4.784099102020264
