epoch,Data_selection_execution_time
21,1.513916254043579
41,1.7462570667266846
61,1.2444911003112793
