epoch,Data_selection_execution_time
21,1.538323163986206
41,4.6936728954315186
61,4.721911907196045
81,1.5202858448028564
101,6.533782005310059
121,1.547055959701538
141,5.116752862930298
161,1.5028271675109863
181,5.077270030975342
201,1.6384477615356445
