epoch,Data_selection_execution_time
21,4.943000793457031
41,1.4782249927520752
61,5.0147740840911865
81,1.4767889976501465
101,5.36113977432251
121,1.5872259140014648
141,5.256263017654419
161,4.01483416557312
181,1.45933198928833
201,1.5744709968566895
