epoch,Data_selection_execution_time
21,1.5815699100494385
41,7.675393104553223
61,1.6114449501037598
81,8.480177879333496
101,1.4816741943359375
121,8.01581335067749
141,1.7371141910552979
161,8.106595039367676
181,1.5242698192596436
201,1.5476911067962646
