epoch,Data_selection_execution_time
21,1.6619818210601807
41,4.860415935516357
61,3.1770741939544678
