epoch,Data_selection_execution_time
21,1.4979450702667236
41,1.215728759765625
61,1.5101540088653564
