epoch,Data_selection_execution_time
21,8.35175609588623
41,1.48677396774292
61,5.876939058303833
81,1.4887330532073975
101,1.4681618213653564
121,5.874588966369629
141,1.5563418865203857
161,1.5048019886016846
181,6.230339050292969
201,1.6907000541687012
