epoch,Data_selection_execution_time
21,1.6464569568634033
41,4.26743483543396
61,2.6602120399475098
