epoch,Data_selection_execution_time
21,1.6565868854522705
41,2.684218168258667
61,4.78368616104126
