epoch,Data_selection_execution_time
21,1.2260732650756836
41,1.438302993774414
61,1.4629039764404297
