epoch,Data_selection_execution_time
21,0.4489459991455078
41,0.47566795349121094
61,0.4416539669036865
81,0.4466409683227539
