epoch,Data_selection_execution_time
21,0.4484372138977051
41,0.4498472213745117
61,0.4502091407775879
81,0.44248175621032715
