epoch,Data_selection_execution_time
21,0.3699169158935547
41,0.36402201652526855
61,0.3617708683013916
81,0.36022496223449707
