epoch,Data_selection_execution_time
21,0.44063425064086914
41,0.4487149715423584
61,0.48070192337036133
81,0.447063684463501
