epoch,Data_selection_execution_time
21,0.45255303382873535
41,0.4498920440673828
61,0.45434999465942383
81,0.44681596755981445
