epoch,Data_selection_execution_time
21,0.44688987731933594
41,0.44527411460876465
61,0.4415569305419922
81,0.4436490535736084
