epoch,Data_selection_execution_time
21,0.3580479621887207
41,0.3666110038757324
61,0.3617551326751709
81,0.3610517978668213
