epoch,Data_selection_execution_time
21,1.4450418949127197
41,1.6325078010559082
61,1.457759141921997
81,1.2924737930297852
