epoch,Data_selection_execution_time
21,1.2941741943359375
41,1.3086419105529785
61,1.3000500202178955
81,1.4901750087738037
