epoch,Data_selection_execution_time
21,1.4533791542053223
41,1.3077340126037598
61,1.4509639739990234
81,1.314450740814209
