epoch,Data_selection_execution_time
21,1.3134829998016357
41,2.403701066970825
61,1.360154151916504
81,1.508734941482544
