epoch,Data_selection_execution_time
21,1.4360742568969727
41,1.2901301383972168
61,3.2619948387145996
81,3.4108457565307617
