epoch,Data_selection_execution_time
21,72.74942803382874
41,75.75045108795166
61,81.7082850933075
81,86.1868507862091
