epoch,Data_selection_execution_time
21,45.652498960494995
41,46.776270627975464
61,47.001770973205566
81,46.015012979507446
