epoch,Data_selection_execution_time
21,66.47722005844116
41,40.62936305999756
61,40.95301604270935
81,41.30211615562439
