epoch,Data_selection_execution_time
21,89.42018103599548
41,96.56719827651978
61,104.44576215744019
81,105.50170803070068
