epoch,Data_selection_execution_time
21,396.6795301437378
41,423.5868248939514
61,435.6172490119934
81,496.67304491996765
