epoch,Data_selection_execution_time
21,28.074514865875244
41,28.471593856811523
61,29.624227046966553
81,29.790425777435303
