epoch,Data_selection_execution_time
21,562.3874781131744
41,602.70148396492
61,647.6472110748291
81,707.121680021286
