epoch,Data_selection_execution_time
21,113.02891111373901
41,118.74747705459595
61,112.22373914718628
81,120.10304999351501
