epoch,Data_selection_execution_time
21,74.33499503135681
41,82.04418206214905
61,90.06721997261047
81,97.60386109352112
