epoch,Data_selection_execution_time
21,721.2431998252869
41,764.4193160533905
61,798.5561871528625
81,837.2955389022827
