epoch,Data_selection_execution_time
21,0.3783891201019287
41,0.40206003189086914
61,0.39258790016174316
