epoch,Data_selection_execution_time
21,0.3295409679412842
41,0.33986997604370117
61,0.46804022789001465
