epoch,Data_selection_execution_time
21,0.3458280563354492
41,0.33998799324035645
61,0.34338927268981934
81,0.6096410751342773
101,0.35190320014953613
121,0.3470437526702881
141,0.3645761013031006
161,0.3398430347442627
181,0.3386068344116211
201,0.35372304916381836
