epoch,Data_selection_execution_time
21,0.34715986251831055
41,0.3675992488861084
61,0.3377871513366699
81,0.3424351215362549
101,0.3411698341369629
121,0.34984779357910156
141,0.6522030830383301
161,0.35132908821105957
181,0.36037611961364746
201,0.36423182487487793
