epoch,Data_selection_execution_time
21,0.5813262462615967
41,0.34619593620300293
61,0.35987305641174316
81,0.3520481586456299
101,0.34378695487976074
121,0.6013751029968262
141,0.35417699813842773
161,0.3551671504974365
181,0.3504800796508789
201,0.34691596031188965
