epoch,Data_selection_execution_time
21,0.33797311782836914
41,0.38993215560913086
61,0.351581335067749
81,0.34738612174987793
101,0.35686206817626953
121,0.35355591773986816
141,0.6708791255950928
161,0.3469529151916504
181,0.3613150119781494
201,0.352877140045166
