epoch,Data_selection_execution_time
21,0.3940451145172119
41,0.3965888023376465
61,0.3907008171081543
