epoch,Data_selection_execution_time
21,0.3779001235961914
41,0.5350081920623779
61,0.39783406257629395
