epoch,Data_selection_execution_time
21,0.3380110263824463
41,0.34474706649780273
61,0.3405139446258545
