epoch,Data_selection_execution_time
21,0.32837986946105957
41,0.3507680892944336
61,0.36449718475341797
