epoch,Data_selection_execution_time
21,0.38594675064086914
41,0.5489211082458496
61,0.3924391269683838
