epoch,Data_selection_execution_time
21,0.37616586685180664
41,0.39419126510620117
61,0.37067699432373047
