epoch,Data_selection_execution_time
21,0.363889217376709
41,0.3677198886871338
61,0.3591878414154053
81,0.3572196960449219
101,0.3567781448364258
121,0.363541841506958
141,0.35996222496032715
161,0.3541231155395508
181,0.36460185050964355
201,0.3556699752807617
