epoch,Data_selection_execution_time
21,0.3494999408721924
41,0.34589385986328125
61,0.36085987091064453
