epoch,Data_selection_execution_time
21,0.33865785598754883
41,0.33987998962402344
61,0.5008151531219482
