epoch,Data_selection_execution_time
21,0.36340975761413574
41,0.3653700351715088
61,0.3620941638946533
81,0.3568100929260254
