epoch,Data_selection_execution_time
21,0.49742794036865234
41,0.5058159828186035
61,0.5080199241638184
81,0.49620485305786133
101,0.5033950805664062
121,0.5010209083557129
141,0.5046811103820801
161,0.7998189926147461
181,0.5097651481628418
201,0.5024800300598145
