epoch,Data_selection_execution_time
21,0.5059728622436523
41,0.5038788318634033
61,0.5160918235778809
81,0.5624241828918457
101,0.5724537372589111
121,0.5119421482086182
141,0.5266280174255371
161,0.5094151496887207
181,0.5083580017089844
201,0.51357102394104
