epoch,Data_selection_execution_time
21,0.3652920722961426
41,0.37302112579345703
61,0.3643791675567627
81,0.3610069751739502
