epoch,Data_selection_execution_time
21,0.8035330772399902
41,0.3861572742462158
61,0.38722896575927734
81,0.3916652202606201
101,0.3713960647583008
121,0.5580496788024902
141,0.37395215034484863
161,0.3748657703399658
181,0.3697190284729004
201,0.3722660541534424
