epoch,Data_selection_execution_time
21,1.5104269981384277
41,0.30170392990112305
61,0.2977900505065918
