epoch,Data_selection_execution_time
21,1.4606170654296875
41,0.4144887924194336
61,0.2875959873199463
