epoch,Data_selection_execution_time
21,0.4550209045410156
41,0.3965167999267578
61,0.38514018058776855
81,0.3899109363555908
101,0.3799128532409668
121,0.6150867938995361
141,0.3833017349243164
161,0.3781161308288574
181,0.38118410110473633
201,0.3804621696472168
