epoch,Data_selection_execution_time
21,0.28180503845214844
41,0.45880126953125
61,0.30327582359313965
