epoch,Data_selection_execution_time
21,0.6415801048278809
41,0.3819878101348877
61,0.39255809783935547
81,0.3785238265991211
101,0.38222384452819824
121,0.3869810104370117
141,0.38603806495666504
161,0.41667985916137695
181,0.43060803413391113
201,0.3944857120513916
