epoch,Data_selection_execution_time
21,0.45229601860046387
41,0.4069249629974365
61,0.40981125831604004
