epoch,Data_selection_execution_time
21,0.2941558361053467
41,0.30699586868286133
61,0.3105506896972656
