epoch,Data_selection_execution_time
21,0.7114551067352295
41,0.3735687732696533
61,0.3755989074707031
81,0.3748340606689453
101,0.41528987884521484
121,0.5898129940032959
141,1.1746890544891357
161,0.5750629901885986
181,0.3785569667816162
201,0.38201904296875
