epoch,Data_selection_execution_time
21,0.48381829261779785
41,0.4295060634613037
61,0.4092402458190918
