epoch,Data_selection_execution_time
21,0.4465978145599365
41,0.42182230949401855
61,0.4194622039794922
