epoch,Data_selection_execution_time
21,0.4068608283996582
41,0.3944828510284424
61,0.4241499900817871
