epoch,Data_selection_execution_time
21,0.5025057792663574
41,0.525007963180542
61,0.42247605323791504
