epoch,Data_selection_execution_time
21,1.5634708404541016
41,0.273651123046875
61,0.40791797637939453
