epoch,Data_selection_execution_time
21,1.5521128177642822
41,0.3887460231781006
61,0.4007740020751953
81,0.3691740036010742
101,0.3870368003845215
121,0.38219428062438965
141,0.5702059268951416
161,0.3705322742462158
181,0.5684599876403809
201,0.401993989944458
