epoch,Data_selection_execution_time
21,0.4966449737548828
41,0.4846222400665283
61,0.4951448440551758
81,0.49576306343078613
