epoch,Data_selection_execution_time
21,0.5309841632843018
41,0.5205681324005127
61,0.4993140697479248
81,0.4933962821960449
