epoch,Data_selection_execution_time
21,8.927350044250488
41,8.679425716400146
61,8.629734992980957
