epoch,Data_selection_execution_time
21,4.537459373474121
41,7.7475409507751465
61,7.681618928909302
