epoch,Data_selection_execution_time
21,4.2057578563690186
41,7.463222980499268
61,7.45724630355835
