epoch,Data_selection_execution_time
21,2.978506088256836
41,6.092344045639038
61,5.9961442947387695
