epoch,Data_selection_execution_time
21,4.312911033630371
41,7.761620283126831
61,7.382437229156494
