epoch,Data_selection_execution_time
21,2.914328098297119
41,6.0922932624816895
61,6.1000449657440186
