epoch,Data_selection_execution_time
21,4.36389422416687
41,7.483191013336182
61,7.474507808685303
