epoch,Data_selection_execution_time
21,4.101202964782715
41,7.469336032867432
61,7.344138145446777
