epoch,Data_selection_execution_time
21,2.887892007827759
41,6.094170808792114
61,6.103869915008545
