epoch,Data_selection_execution_time
21,10.489435911178589
41,12.66605806350708
61,12.35211181640625
