epoch,Data_selection_execution_time
21,2.797147035598755
41,6.157610177993774
61,6.085296869277954
