epoch,Data_selection_execution_time
21,4.347476005554199
41,7.548516273498535
61,7.603938102722168
