epoch,Data_selection_execution_time
21,4.627592086791992
41,7.705197095870972
61,7.554518938064575
