epoch,Data_selection_execution_time
21,10.36687707901001
41,12.648080825805664
61,12.51612114906311
