epoch,Data_selection_execution_time
21,4.999210834503174
41,7.631300687789917
61,7.576114177703857
