epoch,Data_selection_execution_time
21,16.70989203453064
41,21.668742895126343
61,28.20771098136902
81,24.017117977142334
