epoch,Data_selection_execution_time
21,35.71879982948303
41,36.533870220184326
61,40.363415241241455
81,41.705302000045776
