epoch,Data_selection_execution_time
21,50.58930277824402
41,52.36636018753052
61,53.34849786758423
81,51.201465129852295
