epoch,Data_selection_execution_time
21,37.72880816459656
41,214.9440279006958
61,30.990503311157227
81,36.50361490249634
