epoch,Data_selection_execution_time
21,33.57833385467529
41,46.90878105163574
61,35.6168999671936
81,48.252132177352905
