epoch,Data_selection_execution_time
21,0.44130897521972656
41,0.45795488357543945
61,0.4429299831390381
81,0.44197916984558105
