epoch,Data_selection_execution_time
21,90.46099519729614
41,93.18800592422485
61,95.29390382766724
81,97.74050688743591
