epoch,Data_selection_execution_time
21,77.80823183059692
41,79.9431619644165
61,82.65624189376831
81,85.56807494163513
101,88.37080097198486
121,91.40673112869263
141,83.53069186210632
161,95.9602119922638
181,98.67856097221375
201,104.37335801124573
221,91.92561602592468
241,105.98563027381897
261,96.01058983802795
281,113.57712912559509
