epoch,Data_selection_execution_time
21,1.464284896850586
41,1.9989240169525146
61,1.678354024887085
81,2.0723869800567627
101,1.4742870330810547
121,1.8212249279022217
141,1.7091269493103027
161,1.4650609493255615
181,2.059918165206909
201,1.4923582077026367
