epoch,Data_selection_execution_time
21,1.5883798599243164
41,4.389068126678467
61,1.628735065460205
