epoch,Data_selection_execution_time
21,4.411789894104004
41,1.6704020500183105
61,1.6897361278533936
81,4.8238959312438965
101,1.4189338684082031
121,1.4016790390014648
141,4.9987781047821045
161,1.7453422546386719
181,1.421191930770874
201,4.934954881668091
