epoch,Data_selection_execution_time
21,1.3848240375518799
41,1.5420892238616943
61,1.4818048477172852
