epoch,Data_selection_execution_time
21,1.4754502773284912
41,1.4700019359588623
61,1.7610211372375488
81,1.736320972442627
101,1.7151589393615723
121,1.7725040912628174
141,4.342248201370239
161,1.7334489822387695
181,1.737645149230957
201,4.40930700302124
