epoch,Data_selection_execution_time
21,1.3595635890960693
41,1.3665568828582764
61,1.3571488857269287
