epoch,Data_selection_execution_time
21,1.5836009979248047
41,4.449177980422974
61,1.596066951751709
