epoch,Data_selection_execution_time
21,1.6752099990844727
41,1.4527642726898193
61,1.6804471015930176
81,1.4703052043914795
101,1.6667230129241943
121,1.6747069358825684
141,1.666792869567871
161,1.4354939460754395
181,1.7052059173583984
201,1.683129072189331
