epoch,Data_selection_execution_time
21,4.343376159667969
41,1.3772032260894775
61,4.328271865844727
