epoch,Data_selection_execution_time
21,1.598329782485962
41,1.9004828929901123
61,1.6203389167785645
