epoch,Data_selection_execution_time
21,1.4229700565338135
41,1.647202968597412
61,2.6434030532836914
