epoch,Data_selection_execution_time
21,4.336316823959351
41,1.3492400646209717
61,3.911531925201416
