epoch,Data_selection_execution_time
21,1.5645320415496826
41,4.290949106216431
61,1.5637240409851074
