epoch,Data_selection_execution_time
21,4.948503732681274
41,1.7564709186553955
61,1.798198938369751
81,3.6409690380096436
101,1.4269721508026123
121,4.572736024856567
141,1.740600824356079
161,1.769063949584961
181,5.048947095870972
201,1.7530438899993896
