epoch,Data_selection_execution_time
21,1.3517179489135742
41,1.417100191116333
61,1.3648440837860107
