epoch,Data_selection_execution_time
21,8.797693967819214
41,8.60374402999878
61,8.645506858825684
