epoch,Data_selection_execution_time
21,8.551989316940308
41,8.802303075790405
61,8.892418146133423
