epoch,Data_selection_execution_time
21,8.111210107803345
41,11.631415843963623
61,9.855733871459961
