epoch,Data_selection_execution_time
21,8.815895080566406
41,10.775713205337524
61,10.731754064559937
