epoch,Data_selection_execution_time
21,9.532931089401245
41,11.020002126693726
61,11.149217128753662
