epoch,Data_selection_execution_time
21,8.043862104415894
41,10.088444232940674
61,8.151095151901245
