epoch,Data_selection_execution_time
21,8.00187087059021
41,8.851714849472046
61,8.288030862808228
