epoch,Data_selection_execution_time
21,8.552824020385742
41,10.483951091766357
61,10.95767593383789
