epoch,Data_selection_execution_time
21,8.91645884513855
41,9.16197919845581
61,8.838988065719604
