epoch,Data_selection_execution_time
21,8.155585050582886
41,10.9581298828125
61,11.162881851196289
