epoch,Data_selection_execution_time
21,8.176744937896729
41,8.337263107299805
61,16.843716144561768
