epoch,Data_selection_execution_time
21,8.199216842651367
41,11.091685771942139
61,8.165568113327026
