epoch,Data_selection_execution_time
21,8.081614971160889
41,8.091915130615234
61,7.915724039077759
