epoch,Data_selection_execution_time
21,9.255030870437622
41,9.106937646865845
61,8.992500305175781
