epoch,Data_selection_execution_time
21,8.722709655761719
41,10.642909049987793
61,11.104877948760986
