epoch,Data_selection_execution_time
21,1.3815181255340576
41,4.263749122619629
61,1.7212951183319092
81,4.70995306968689
