epoch,Data_selection_execution_time
21,1.5168321132659912
41,1.7664718627929688
61,1.5964982509613037
81,1.6087450981140137
