epoch,Data_selection_execution_time
21,1.3639380931854248
41,4.161592245101929
61,1.8318228721618652
81,2.0777370929718018
