epoch,Data_selection_execution_time
21,1.336172103881836
41,3.945371150970459
61,1.4588291645050049
81,1.7118141651153564
