epoch,Data_selection_execution_time
21,1.3278300762176514
41,1.6180288791656494
61,1.6215250492095947
81,1.5378398895263672
