epoch,Data_selection_execution_time
21,1.3415932655334473
41,1.706315040588379
61,1.7828121185302734
81,1.7664968967437744
