epoch,Data_selection_execution_time
21,0.4362499713897705
41,0.4535088539123535
61,0.447620153427124
81,0.4504587650299072
