epoch,Data_selection_execution_time
21,0.36329007148742676
41,0.35992908477783203
61,0.3610849380493164
81,0.36161208152770996
