epoch,Data_selection_execution_time
21,0.4381692409515381
41,0.4413020610809326
61,0.4429919719696045
81,0.44842004776000977
