epoch,Data_selection_execution_time
21,0.7706308364868164
41,1.0093019008636475
61,0.7752597332000732
81,0.771791934967041
