epoch,Data_selection_execution_time
21,0.7550110816955566
41,0.7937450408935547
61,0.7624959945678711
81,0.7674729824066162
