epoch,Data_selection_execution_time
21,0.8048503398895264
41,0.8104629516601562
61,0.8046219348907471
81,0.8012373447418213
101,0.8096158504486084
121,0.7982230186462402
141,0.8092999458312988
161,0.8031270503997803
181,0.8041799068450928
201,0.8171660900115967
221,0.8111331462860107
241,0.794893741607666
261,0.7936837673187256
