epoch,Data_selection_execution_time
21,0.766049861907959
41,0.7415831089019775
61,0.768049955368042
81,0.9925718307495117
