epoch,Data_selection_execution_time
21,0.8083341121673584
41,0.8107600212097168
61,0.8433060646057129
81,0.8250019550323486
101,2.2682597637176514
121,0.8362629413604736
141,6.848459005355835
161,0.8503208160400391
181,6.374894857406616
201,0.8034310340881348
221,0.7996659278869629
241,0.7996468544006348
261,0.8023407459259033
