epoch,Data_selection_execution_time
21,0.8005537986755371
41,4.6366658210754395
61,0.8090901374816895
81,0.828577995300293
101,0.7917990684509277
121,0.8081231117248535
141,0.7919197082519531
161,0.7949330806732178
181,0.8005292415618896
201,0.8591740131378174
221,0.7967948913574219
241,0.8090057373046875
261,0.8025150299072266
