epoch,Data_selection_execution_time
21,0.8082497119903564
41,0.821591854095459
61,0.8230388164520264
81,0.8901476860046387
101,0.7902610301971436
121,0.8382930755615234
141,0.8083279132843018
161,0.8484349250793457
181,0.806267261505127
201,0.920924186706543
221,0.7962329387664795
241,0.8464820384979248
261,0.883080244064331
