epoch,Data_selection_execution_time
21,0.7696318626403809
41,0.7485990524291992
61,0.7790126800537109
81,0.7764086723327637
