epoch,Data_selection_execution_time
21,0.7892947196960449
41,0.7474963665008545
61,0.7368772029876709
81,0.7497949600219727
