epoch,Data_selection_execution_time
21,0.761897087097168
41,0.7637200355529785
61,0.7543370723724365
81,0.7582800388336182
