epoch,Data_selection_execution_time
21,0.7719459533691406
41,0.7609751224517822
61,0.7646877765655518
81,0.7443609237670898
