epoch,Data_selection_execution_time
21,0.7714030742645264
41,0.7404899597167969
61,0.7534081935882568
81,0.7634239196777344
