epoch,Data_selection_execution_time
21,0.8028967380523682
41,0.862144947052002
61,0.8184149265289307
81,0.8094141483306885
101,0.7983129024505615
121,0.7922787666320801
141,0.7867989540100098
161,0.8267068862915039
181,6.896806955337524
201,0.8275420665740967
221,0.8104000091552734
241,0.8141648769378662
261,0.8135170936584473
