epoch,Data_selection_execution_time
21,0.7422430515289307
41,0.7809441089630127
61,0.7575089931488037
81,0.7270431518554688
