epoch,Data_selection_execution_time
21,0.7592289447784424
41,0.7750101089477539
61,0.73927903175354
81,0.741614818572998
