epoch,Data_selection_execution_time
21,0.6039338111877441
41,0.6135919094085693
61,0.6288278102874756
81,0.5897707939147949
