epoch,Data_selection_execution_time
21,0.5947670936584473
41,0.6063177585601807
61,0.5828840732574463
81,0.644838809967041
