epoch,Data_selection_execution_time
21,0.5972511768341064
41,0.6106400489807129
61,0.6085062026977539
81,0.6382122039794922
