epoch,Data_selection_execution_time
21,0.5919182300567627
41,0.5863831043243408
61,0.6034798622131348
81,0.6110730171203613
