epoch,Data_selection_execution_time
21,4.76189112663269
41,4.880508184432983
61,6.8267598152160645
