epoch,Data_selection_execution_time
21,4.4436421394348145
41,7.575007200241089
61,7.562612056732178
