epoch,Data_selection_execution_time
21,4.637142658233643
41,7.880182981491089
61,7.848336696624756
