epoch,Data_selection_execution_time
21,2.9173648357391357
41,22.705729722976685
61,18.500292778015137
