epoch,Data_selection_execution_time
21,4.370060205459595
41,7.497787952423096
61,7.598889112472534
