epoch,Data_selection_execution_time
21,4.367321968078613
41,7.630017042160034
61,7.581589221954346
