epoch,Data_selection_execution_time
21,2.889143228530884
41,6.256235599517822
61,3.0308499336242676
