epoch,Data_selection_execution_time
21,4.344005823135376
41,7.647464752197266
61,7.521475791931152
