epoch,Data_selection_execution_time
21,3.0524818897247314
41,5.939250946044922
61,3.0572099685668945
