epoch,Data_selection_execution_time
21,3.3159291744232178
41,6.413186073303223
61,3.161912202835083
