epoch,Data_selection_execution_time
21,4.868279218673706
41,7.8727171421051025
61,7.842955112457275
