epoch,Data_selection_execution_time
21,4.84939169883728
41,7.393257141113281
61,4.792385101318359
