epoch,Data_selection_execution_time
21,4.866933345794678
41,7.882184982299805
61,7.828794956207275
