epoch,Data_selection_execution_time
21,4.440433025360107
41,7.6032960414886475
61,7.569046974182129
