epoch,Data_selection_execution_time
21,6.061478853225708
41,6.133065938949585
61,6.810858964920044
