epoch,Data_selection_execution_time
21,0.5523991584777832
41,0.3453330993652344
61,0.35322999954223633
81,0.34510326385498047
101,0.5130178928375244
121,0.5209052562713623
141,0.5181088447570801
161,0.34462714195251465
181,0.5250029563903809
201,0.5223381519317627
