epoch,Data_selection_execution_time
21,0.39093971252441406
41,0.33158302307128906
61,0.3500509262084961
81,0.33876991271972656
101,0.3463151454925537
121,0.34371018409729004
141,0.32956600189208984
161,0.4900388717651367
181,0.5152666568756104
201,0.33023595809936523
