epoch,Data_selection_execution_time
21,0.33969616889953613
41,0.39429187774658203
61,0.33440184593200684
81,0.3516716957092285
101,0.3446671962738037
121,0.33565211296081543
141,0.33592772483825684
161,0.33404016494750977
181,0.33998632431030273
201,0.33333921432495117
