epoch,Data_selection_execution_time
21,0.7251439094543457
41,0.5346689224243164
61,0.6204888820648193
81,0.5446200370788574
101,0.6293721199035645
121,0.5919480323791504
141,0.5586419105529785
161,0.5668151378631592
181,0.5654828548431396
201,0.5718719959259033
