epoch,Data_selection_execution_time
21,0.40151000022888184
41,0.38734889030456543
61,0.38861584663391113
