epoch,Data_selection_execution_time
21,0.5389599800109863
41,0.3891332149505615
61,0.3915269374847412
