epoch,Data_selection_execution_time
21,0.4077262878417969
41,0.5127182006835938
61,0.3898940086364746
81,0.333817720413208
101,0.33677005767822266
121,0.3521749973297119
141,0.3378429412841797
161,0.33348608016967773
181,0.34490013122558594
201,0.3365051746368408
