epoch,Data_selection_execution_time
21,0.7532699108123779
41,0.33772897720336914
61,0.47161412239074707
