epoch,Data_selection_execution_time
21,0.4214332103729248
41,0.4081592559814453
61,0.3928959369659424
