epoch,Data_selection_execution_time
21,0.7703380584716797
41,0.3463010787963867
61,0.507317066192627
