epoch,Data_selection_execution_time
21,1.2288978099822998
41,0.46274304389953613
61,0.46103334426879883
