epoch,Data_selection_execution_time
21,0.8998517990112305
41,0.47893214225769043
61,0.33864927291870117
