epoch,Data_selection_execution_time
21,0.41184020042419434
41,0.3680126667022705
61,0.38480567932128906
