epoch,Data_selection_execution_time
21,0.39910101890563965
41,0.3768651485443115
61,0.3772869110107422
