epoch,Data_selection_execution_time
21,0.42406296730041504
41,0.3284900188446045
61,0.3311030864715576
