epoch,Data_selection_execution_time
21,0.44127678871154785
41,0.4486358165740967
61,0.44765281677246094
81,0.43888092041015625
