epoch,Data_selection_execution_time
21,0.48065900802612305
41,0.49091410636901855
61,0.49051904678344727
81,0.4832336902618408
101,0.4897150993347168
121,0.48084306716918945
141,0.49631786346435547
161,0.4828221797943115
181,0.48368000984191895
201,0.4817967414855957
