epoch,Data_selection_execution_time
21,0.4367649555206299
41,0.4441640377044678
61,0.4790229797363281
81,0.4658350944519043
