epoch,Data_selection_execution_time
21,0.44719481468200684
41,0.44081687927246094
61,0.46671223640441895
81,0.4375641345977783
