epoch,Data_selection_execution_time
21,0.3534531593322754
41,0.3680229187011719
61,0.35453176498413086
81,0.35343003273010254
