epoch,Data_selection_execution_time
21,0.36595630645751953
41,0.36224818229675293
61,0.3578000068664551
81,0.35825085639953613
