epoch,Data_selection_execution_time
21,1.474609136581421
41,1.321347951889038
61,2.4319989681243896
81,4.2924370765686035
