epoch,Data_selection_execution_time
21,1.4239909648895264
41,1.2752299308776855
61,1.440349817276001
81,1.4031248092651367
