epoch,Data_selection_execution_time
21,0.5909357070922852
41,0.6151349544525146
61,0.5923306941986084
81,0.6048538684844971
