epoch,Data_selection_execution_time
21,0.5989000797271729
41,0.6165308952331543
61,0.578557014465332
81,0.6046590805053711
