epoch,Data_selection_execution_time
21,6.309876918792725
41,8.877599954605103
61,8.355490684509277
