epoch,Data_selection_execution_time
21,6.278446912765503
41,8.873047828674316
61,8.751188039779663
