epoch,Data_selection_execution_time
21,7.101786851882935
41,10.032347202301025
61,9.713243961334229
