epoch,Data_selection_execution_time
21,6.162774085998535
41,8.466464042663574
61,8.499781131744385
