epoch,Data_selection_execution_time
21,6.743316888809204
41,9.866937160491943
61,7.056959390640259
