epoch,Data_selection_execution_time
21,6.353656768798828
41,6.33587121963501
61,6.064077138900757
