epoch,Data_selection_execution_time
21,6.797199010848999
41,9.96548318862915
61,10.62543797492981
