epoch,Data_selection_execution_time
21,6.576334714889526
41,8.518647193908691
61,9.527348756790161
