epoch,Data_selection_execution_time
21,7.009307861328125
41,10.080796957015991
61,7.791938781738281
