epoch,Data_selection_execution_time
21,6.074010133743286
41,8.53714108467102
61,8.44716477394104
