epoch,Data_selection_execution_time
21,6.83030891418457
41,120.73435592651367
61,8.153993129730225
