epoch,Data_selection_execution_time
21,6.264743804931641
41,6.086876153945923
61,6.245552062988281
