epoch,Data_selection_execution_time
21,6.235484838485718
41,6.077887058258057
61,6.293187141418457
