epoch,Data_selection_execution_time
21,6.110173940658569
41,6.179906129837036
61,6.304332971572876
