epoch,Data_selection_execution_time
21,6.24905800819397
41,6.057904958724976
61,12.697002172470093
