epoch,Data_selection_execution_time
21,1.3256170749664307
41,3.287811040878296
61,1.3376808166503906
81,1.3526132106781006
101,1.784512996673584
121,1.341951847076416
141,1.3314268589019775
161,1.7457170486450195
181,1.4259250164031982
201,1.433995008468628
