epoch,Data_selection_execution_time
21,1.3150861263275146
41,3.819136142730713
61,1.7243871688842773
81,3.283963203430176
