epoch,Data_selection_execution_time
21,1.314518928527832
41,1.5756406784057617
61,1.6445140838623047
81,1.4951059818267822
