epoch,Data_selection_execution_time
21,1.328965187072754
41,1.6465799808502197
61,4.342271089553833
81,1.6320953369140625
