epoch,Data_selection_execution_time
21,1.3435108661651611
41,1.804333209991455
61,1.9229402542114258
81,1.657792091369629
