epoch,Data_selection_execution_time
21,1.3285820484161377
41,3.1409032344818115
61,1.6952588558197021
81,2.0698328018188477
