epoch,Data_selection_execution_time
21,112.5812349319458
41,118.76924419403076
61,124.61222910881042
81,128.78464269638062
