epoch,Data_selection_execution_time
21,128.29344987869263
41,207.5796399116516
61,436.39834094047546
81,358.30335998535156
