epoch,Data_selection_execution_time
21,0.49885082244873047
41,0.5154268741607666
61,0.49849390983581543
81,0.5023438930511475
