epoch,Data_selection_execution_time
21,0.477924108505249
41,0.49624204635620117
61,0.48676228523254395
81,0.48444604873657227
