epoch,Data_selection_execution_time
21,0.49776792526245117
41,0.5053198337554932
61,0.49008798599243164
81,0.5173218250274658
