epoch,Data_selection_execution_time
21,0.48296308517456055
41,0.4852879047393799
61,0.4853708744049072
81,0.4930877685546875
