epoch,Data_selection_execution_time
21,0.5198261737823486
41,0.5661590099334717
61,0.5141420364379883
81,0.5327708721160889
101,0.5218889713287354
121,0.5033900737762451
141,0.500795841217041
161,0.5215868949890137
181,0.49925804138183594
201,0.5365257263183594
