epoch,Data_selection_execution_time
21,0.4072299003601074
41,0.43712520599365234
61,0.4538309574127197
81,0.421342134475708
101,0.4076962471008301
121,0.4137141704559326
141,0.42293596267700195
161,0.43984508514404297
181,0.416611909866333
201,0.40836191177368164
221,0.4306168556213379
241,0.40433382987976074
261,0.4207031726837158
