epoch,Data_selection_execution_time
21,0.3873107433319092
41,0.4455559253692627
61,0.4248697757720947
81,0.4318809509277344
101,0.4212338924407959
121,0.42118191719055176
141,0.4159400463104248
161,0.4298281669616699
181,0.4167039394378662
201,0.42388200759887695
221,0.42098522186279297
241,0.6727409362792969
261,0.40131378173828125
