epoch,Data_selection_execution_time
21,0.4219026565551758
41,0.416032075881958
61,0.4111309051513672
81,0.4296269416809082
101,0.3991820812225342
121,0.3950347900390625
141,0.3931291103363037
161,0.4121739864349365
181,0.4196779727935791
201,0.38642024993896484
221,0.39115381240844727
241,0.4656350612640381
261,0.3905069828033447
