epoch,Data_selection_execution_time
21,0.42321300506591797
41,0.4345829486846924
61,0.5986649990081787
81,0.40239596366882324
101,0.40375614166259766
121,0.5949192047119141
141,0.488893985748291
161,0.41936397552490234
181,0.6228008270263672
201,0.414445161819458
221,0.4094390869140625
241,0.613537073135376
261,0.4111640453338623
