epoch,Data_selection_execution_time
21,0.42931628227233887
41,0.4224240779876709
61,1.9349818229675293
81,0.413128137588501
101,1.596217155456543
121,0.46064114570617676
141,0.3909881114959717
161,0.3970787525177002
181,0.38965392112731934
201,0.38862109184265137
221,0.39237308502197266
241,0.3972799777984619
261,0.4030880928039551
