epoch,Data_selection_execution_time
21,0.4058229923248291
41,0.39354610443115234
61,0.3999302387237549
81,0.40404701232910156
101,0.398040771484375
121,0.40128493309020996
141,9.206913948059082
161,0.41460371017456055
181,0.4219179153442383
201,0.4589722156524658
221,0.40759706497192383
241,0.43567323684692383
261,0.4016430377960205
