epoch,Data_selection_execution_time
21,0.4140470027923584
41,0.4194369316101074
61,0.4440591335296631
81,0.435131311416626
101,0.40805888175964355
121,0.42284417152404785
141,0.42209887504577637
161,0.5393860340118408
181,0.41614413261413574
201,0.41762518882751465
221,0.562913179397583
241,0.4217112064361572
261,0.4198629856109619
