epoch,Data_selection_execution_time
21,0.3883028030395508
41,0.42571520805358887
61,0.4321868419647217
81,0.4140920639038086
101,0.4234778881072998
121,0.6855051517486572
141,0.4246551990509033
161,0.38773298263549805
181,0.4219939708709717
201,0.6859776973724365
221,0.4254729747772217
241,0.4225800037384033
261,0.41202425956726074
