epoch,Data_selection_execution_time
21,0.604058027267456
41,0.4177379608154297
61,0.4166100025177002
81,0.41266489028930664
101,0.4180622100830078
121,0.4244101047515869
141,0.5029659271240234
161,0.42832112312316895
181,0.4242868423461914
201,0.41559696197509766
221,0.4244542121887207
241,0.41204214096069336
261,0.4166989326477051
