epoch,Data_selection_execution_time
21,0.43314599990844727
41,0.4035468101501465
61,0.3979611396789551
81,0.4034550189971924
101,0.39334607124328613
121,0.40476107597351074
141,0.39906978607177734
161,0.4025139808654785
181,9.961119174957275
201,0.4222242832183838
221,0.4195408821105957
241,0.4061450958251953
261,0.40745997428894043
