epoch,Data_selection_execution_time
21,9.691679954528809
41,0.4382898807525635
61,0.4407219886779785
81,0.409437894821167
101,0.43440794944763184
121,0.491300106048584
141,0.3924410343170166
161,0.4195067882537842
181,0.40476393699645996
201,0.4706110954284668
221,0.40529680252075195
241,3.194182872772217
261,0.5198531150817871
