epoch,Data_selection_execution_time
21,0.457827091217041
41,0.5767459869384766
61,0.426257848739624
81,0.41454100608825684
101,0.46852779388427734
121,0.45787525177001953
141,0.5006589889526367
161,0.44723987579345703
181,0.43772387504577637
201,0.4224529266357422
221,0.4353969097137451
241,0.4419128894805908
261,14.92708706855774
