epoch,Data_selection_execution_time
21,0.3982360363006592
41,0.44934511184692383
61,0.39659619331359863
81,0.39240598678588867
101,0.3854811191558838
121,0.38965392112731934
141,0.39470481872558594
161,0.38312387466430664
181,0.39017605781555176
201,0.4016139507293701
221,0.40218019485473633
241,0.38927292823791504
261,0.38484907150268555
