epoch,Data_selection_execution_time
21,0.607802152633667
41,0.6131961345672607
61,0.6038830280303955
81,0.601978063583374
