epoch,Data_selection_execution_time
21,0.6005618572235107
41,0.5994219779968262
61,0.6024839878082275
81,0.6060280799865723
