epoch,Data_selection_execution_time
21,0.634019136428833
41,0.6190187931060791
61,0.6051557064056396
81,0.6250498294830322
