epoch,Data_selection_execution_time
21,0.5996260643005371
41,0.6127033233642578
61,0.6149439811706543
81,0.6051828861236572
