epoch,Data_selection_execution_time
21,0.383770227432251
41,0.3479001522064209
61,0.3553321361541748
81,3.9002187252044678
101,0.37480592727661133
121,0.3625941276550293
141,0.3438701629638672
161,0.3496561050415039
181,0.3791770935058594
201,0.3691437244415283
