epoch,Data_selection_execution_time
21,0.33855104446411133
41,0.35349297523498535
61,0.5750720500946045
