epoch,Data_selection_execution_time
21,0.35446691513061523
41,0.376453161239624
61,0.3663601875305176
81,0.36231565475463867
101,0.3579881191253662
121,0.34175801277160645
141,0.3399038314819336
161,0.34746694564819336
181,0.34374403953552246
201,0.5055811405181885
