epoch,Data_selection_execution_time
21,0.35869693756103516
41,0.34441113471984863
61,0.39659690856933594
81,0.3415639400482178
101,0.38265204429626465
121,0.34662914276123047
141,0.3402729034423828
161,1.7107079029083252
181,3.2577269077301025
201,0.37452006340026855
