epoch,Data_selection_execution_time
21,0.3961186408996582
41,0.39531803131103516
61,0.39849209785461426
