epoch,Data_selection_execution_time
21,0.33318018913269043
41,0.35197901725769043
61,0.3442270755767822
