epoch,Data_selection_execution_time
21,0.3343832492828369
41,0.3347346782684326
61,0.3517739772796631
