epoch,Data_selection_execution_time
21,0.39278388023376465
41,0.3856790065765381
61,0.38396620750427246
