epoch,Data_selection_execution_time
21,4.283473014831543
41,0.3658938407897949
61,0.3746790885925293
81,0.37167811393737793
101,0.3716859817504883
121,6.919057130813599
141,0.36600494384765625
161,0.3659651279449463
181,0.3708817958831787
201,0.38663768768310547
