epoch,Data_selection_execution_time
21,0.3498408794403076
41,0.35428309440612793
61,0.34753918647766113
