epoch,Data_selection_execution_time
21,0.382004976272583
41,0.39744997024536133
61,0.40448904037475586
