epoch,Data_selection_execution_time
21,0.3882710933685303
41,0.3509502410888672
61,0.3531792163848877
81,0.3636329174041748
101,0.37090420722961426
121,0.37109804153442383
141,0.36409807205200195
161,0.3757181167602539
181,0.3447732925415039
201,0.3671910762786865
