epoch,Data_selection_execution_time
21,0.34716796875
41,0.5215942859649658
61,0.3356959819793701
