epoch,Data_selection_execution_time
21,0.38958072662353516
41,0.3933548927307129
61,0.4027731418609619
