epoch,Data_selection_execution_time
21,0.5707080364227295
41,0.4069538116455078
61,0.4128000736236572
