epoch,Data_selection_execution_time
21,0.7055540084838867
41,0.718393087387085
61,0.713066816329956
81,0.7257678508758545
101,0.7193231582641602
121,0.7117328643798828
141,0.7155981063842773
161,1.2538118362426758
181,0.7136340141296387
201,2.1081740856170654
221,0.743488073348999
241,0.7195188999176025
261,0.7116720676422119
