epoch,Data_selection_execution_time
21,0.7119150161743164
41,0.7280662059783936
61,0.6954150199890137
81,0.7195768356323242
