epoch,Data_selection_execution_time
21,0.7285940647125244
41,0.7283849716186523
61,0.7316999435424805
81,0.7340428829193115
