epoch,Data_selection_execution_time
21,0.7140939235687256
41,0.7464210987091064
61,0.746164083480835
81,0.7371151447296143
