epoch,Data_selection_execution_time
21,0.7148690223693848
41,0.7130701541900635
61,0.7481069564819336
81,0.7102940082550049
101,0.839616060256958
121,1.497649908065796
141,0.71209716796875
161,0.7167918682098389
181,0.7303009033203125
201,0.7028110027313232
221,0.7263438701629639
241,0.7341108322143555
261,1.245683193206787
