epoch,Data_selection_execution_time
21,0.7296609878540039
41,0.9457709789276123
61,0.7110779285430908
81,0.7496819496154785
