epoch,Data_selection_execution_time
21,0.8186192512512207
41,0.739112138748169
61,0.7163331508636475
81,0.7276020050048828
101,0.7227447032928467
121,0.7272052764892578
141,0.7026360034942627
161,0.7096881866455078
181,0.7134912014007568
201,0.7098038196563721
221,0.7143650054931641
241,0.7039611339569092
261,0.7902729511260986
