epoch,Data_selection_execution_time
21,0.7272481918334961
41,0.715033769607544
61,0.7095849514007568
81,1.1900701522827148
101,0.710216760635376
121,1.0059051513671875
141,0.715954065322876
161,0.7140350341796875
181,0.7088510990142822
201,0.6967718601226807
221,0.7198746204376221
241,0.7412662506103516
261,0.7218601703643799
