epoch,Data_selection_execution_time
21,0.7279539108276367
41,0.7341151237487793
61,0.7279002666473389
81,0.7277600765228271
