epoch,Data_selection_execution_time
21,0.899770975112915
41,0.7485260963439941
61,0.7476210594177246
81,0.7329049110412598
