epoch,Data_selection_execution_time
21,0.8406362533569336
41,3.0847017765045166
61,0.6968257427215576
81,0.7133729457855225
101,0.7179088592529297
121,0.7519569396972656
141,0.771294116973877
161,0.7361600399017334
181,0.7192509174346924
201,0.7264103889465332
221,0.7160887718200684
241,0.7200539112091064
261,0.7145118713378906
