epoch,Data_selection_execution_time
21,0.7379839420318604
41,0.7294058799743652
61,0.7321112155914307
81,0.7274880409240723
