epoch,Data_selection_execution_time
21,0.7183618545532227
41,0.729743242263794
61,0.7126469612121582
81,0.7213518619537354
