epoch,Data_selection_execution_time
21,0.7286651134490967
41,0.7278649806976318
61,0.7340490818023682
81,0.7242612838745117
