epoch,Data_selection_execution_time
21,0.7347631454467773
41,0.7363178730010986
61,0.7175297737121582
81,0.7330279350280762
