epoch,Data_selection_execution_time
21,0.7005259990692139
41,0.7195219993591309
61,0.6938338279724121
81,0.7047569751739502
