epoch,Data_selection_execution_time
21,0.6758179664611816
41,0.7162470817565918
61,0.6745438575744629
81,0.681027889251709
