epoch,Data_selection_execution_time
21,0.7131192684173584
41,0.7302618026733398
61,0.7249090671539307
81,0.7070069313049316
