epoch,Data_selection_execution_time
21,0.6341071128845215
41,0.6267001628875732
61,0.635098934173584
81,0.6361877918243408
101,0.6402533054351807
121,0.6420719623565674
141,0.6263360977172852
161,0.641895055770874
181,0.6378617286682129
201,0.6415948867797852
221,0.6302049160003662
241,0.636523962020874
261,0.6343417167663574
