epoch,Data_selection_execution_time
21,0.7357959747314453
41,0.924281120300293
61,0.8499119281768799
81,0.7109420299530029
