epoch,Data_selection_execution_time
21,0.6544771194458008
41,0.644132137298584
61,0.6400189399719238
81,0.6299090385437012
101,0.8989250659942627
121,0.6941440105438232
141,0.7207341194152832
161,0.723099946975708
181,0.6827220916748047
201,0.6580848693847656
221,0.6518640518188477
241,0.6843760013580322
261,0.7235782146453857
