epoch,Data_selection_execution_time
21,0.6292259693145752
41,0.623805046081543
61,0.6315531730651855
81,0.6316020488739014
101,0.6322276592254639
121,0.6347446441650391
141,2.418330192565918
161,0.7477810382843018
181,0.6926777362823486
201,1.142806053161621
221,0.8256950378417969
241,0.6816837787628174
261,0.6812741756439209
