epoch,Data_selection_execution_time
21,0.7089121341705322
41,0.7147531509399414
61,0.7078840732574463
81,0.7124390602111816
