epoch,Data_selection_execution_time
21,0.6943659782409668
41,0.6953239440917969
61,0.73301100730896
81,0.7113940715789795
