epoch,Data_selection_execution_time
21,0.6949779987335205
41,0.7016398906707764
61,0.8670756816864014
81,0.6916160583496094
