epoch,Data_selection_execution_time
21,0.7552108764648438
41,0.7090640068054199
61,0.7098178863525391
81,0.860630989074707
101,0.7071559429168701
121,0.7174332141876221
141,0.6846601963043213
161,0.661200761795044
181,0.7301638126373291
201,0.7807469367980957
221,0.6270079612731934
241,0.8483788967132568
261,0.626960039138794
