epoch,Data_selection_execution_time
21,0.7371258735656738
41,0.7045338153839111
61,0.7087130546569824
81,0.7154529094696045
