epoch,Data_selection_execution_time
21,0.7018289566040039
41,0.6960299015045166
61,0.7300379276275635
81,0.8507440090179443
