epoch,Data_selection_execution_time
21,0.7022237777709961
41,0.6947870254516602
61,0.6887502670288086
81,0.6981539726257324
