epoch,Data_selection_execution_time
21,0.37345194816589355
41,0.36235785484313965
61,0.3730769157409668
81,0.3676028251647949
