epoch,Data_selection_execution_time
21,0.448688268661499
41,0.46512579917907715
61,0.445331335067749
81,0.45868396759033203
