epoch,Data_selection_execution_time
21,0.45890283584594727
41,0.4561429023742676
61,0.45439815521240234
81,0.44832468032836914
