epoch,Data_selection_execution_time
21,0.44143104553222656
41,0.44607996940612793
61,0.44674205780029297
81,0.44586181640625
