epoch,Data_selection_execution_time
21,0.3556332588195801
41,0.35735106468200684
61,0.3578817844390869
81,0.35703015327453613
