epoch,Data_selection_execution_time
21,0.35889196395874023
41,0.36671900749206543
61,0.3583979606628418
81,0.34891295433044434
