epoch,Data_selection_execution_time
21,0.439302921295166
41,0.44017982482910156
61,0.43725061416625977
81,0.4456300735473633
