epoch,Data_selection_execution_time
21,0.367584228515625
41,0.3557450771331787
61,0.36043214797973633
81,0.3670051097869873
