epoch,Data_selection_execution_time
21,0.42296504974365234
41,0.4811859130859375
61,0.4214940071105957
81,0.4366028308868408
101,0.395064115524292
121,0.39545392990112305
141,0.4303922653198242
161,0.3892490863800049
181,0.4643428325653076
201,0.408980131149292
221,0.43383193016052246
241,0.4336888790130615
261,0.4383730888366699
