epoch,Data_selection_execution_time
21,0.40169405937194824
41,0.4306168556213379
61,0.42478013038635254
81,0.390718936920166
101,0.43270206451416016
121,0.4283640384674072
141,0.4187462329864502
161,0.4306361675262451
181,0.49994611740112305
201,0.4265711307525635
221,0.4271821975708008
241,0.4244678020477295
261,0.4219536781311035
