epoch,Data_selection_execution_time
21,0.40709614753723145
41,0.407365083694458
61,0.4347050189971924
81,0.44393491744995117
101,0.42429280281066895
121,0.44986510276794434
141,0.4161338806152344
161,0.43135523796081543
181,0.4305081367492676
201,0.4053459167480469
221,0.42388010025024414
241,0.4104440212249756
261,0.4018428325653076
