epoch,Data_selection_execution_time
21,0.4035310745239258
41,0.41837120056152344
61,0.43943095207214355
81,0.5724978446960449
101,0.5436761379241943
121,0.42337679862976074
141,0.434751033782959
161,0.5923483371734619
181,0.5702798366546631
201,0.4397420883178711
221,0.4250528812408447
241,0.4151651859283447
261,0.4370150566101074
