epoch,Data_selection_execution_time
21,0.40865397453308105
41,0.42525601387023926
61,0.41272902488708496
81,0.41090822219848633
101,0.42497897148132324
121,0.41080212593078613
141,0.42200183868408203
161,0.41434597969055176
181,0.42434096336364746
201,0.41333580017089844
221,0.41756701469421387
241,0.42882418632507324
261,0.41579484939575195
