epoch,Data_selection_execution_time
21,0.4587070941925049
41,0.41371631622314453
61,0.43622493743896484
81,0.42878127098083496
101,0.437481164932251
121,0.7853171825408936
141,0.4408531188964844
161,0.41840314865112305
181,0.3945338726043701
201,0.4290201663970947
221,0.43195581436157227
241,0.47121286392211914
261,0.48468017578125
