epoch,Data_selection_execution_time
21,0.3930392265319824
41,0.396625280380249
61,0.3974947929382324
81,0.4028191566467285
101,0.39905786514282227
121,0.393007755279541
141,0.40370798110961914
161,0.3979198932647705
181,0.39652085304260254
201,0.3924598693847656
221,0.3970921039581299
241,0.3886451721191406
261,0.40360236167907715
