epoch,Data_selection_execution_time
21,0.4052720069885254
41,0.4208071231842041
61,0.424670934677124
81,0.41373419761657715
101,0.41608190536499023
121,0.4122140407562256
141,0.4175150394439697
161,0.408571720123291
181,0.4092390537261963
201,0.4219999313354492
221,0.4047260284423828
241,0.4384167194366455
261,0.44673585891723633
