epoch,Data_selection_execution_time
21,0.42295384407043457
41,0.4019770622253418
61,0.41171693801879883
81,0.4241490364074707
101,0.42945289611816406
121,0.4260721206665039
141,0.4282071590423584
161,0.4272618293762207
181,0.39620184898376465
201,0.38632822036743164
221,0.4410109519958496
241,0.4151310920715332
261,0.43691301345825195
