epoch,Data_selection_execution_time
21,0.39484190940856934
41,0.42530298233032227
61,0.4314076900482178
81,0.3921849727630615
101,0.4245939254760742
121,0.42540884017944336
141,0.4200730323791504
161,0.3914659023284912
181,0.38909387588500977
201,0.4264256954193115
221,0.4290339946746826
241,0.9328219890594482
261,0.39353394508361816
