epoch,Data_selection_execution_time
21,0.3985128402709961
41,0.39647412300109863
61,0.386962890625
81,0.397550106048584
101,0.3897731304168701
121,0.39269018173217773
141,0.38474488258361816
161,0.5012190341949463
181,0.38960909843444824
201,0.38710618019104004
221,0.3900899887084961
241,0.39422106742858887
261,0.39243507385253906
