epoch,Data_selection_execution_time
21,0.4176359176635742
41,0.40888190269470215
61,0.4043416976928711
81,0.4158027172088623
101,0.4181790351867676
121,10.762217044830322
141,0.41277623176574707
161,0.401684045791626
181,0.41498875617980957
201,0.41338491439819336
221,0.43747830390930176
241,11.026386976242065
261,0.4170370101928711
