epoch,Data_selection_execution_time
21,0.4233357906341553
41,0.40662193298339844
61,0.4218268394470215
81,0.4065279960632324
101,0.40198183059692383
121,0.40050625801086426
141,10.424041986465454
161,0.4116349220275879
181,0.40829896926879883
201,0.41545605659484863
221,0.4074099063873291
241,0.40199780464172363
261,0.4091179370880127
