epoch,Data_selection_execution_time
21,0.39133596420288086
41,0.39684200286865234
61,0.40540027618408203
81,0.39743518829345703
101,0.4001600742340088
121,0.39322519302368164
141,0.39569878578186035
161,0.3928346633911133
181,0.4142427444458008
201,0.4896252155303955
221,0.553703784942627
241,0.4134531021118164
261,0.45424365997314453
