epoch,Data_selection_execution_time
21,0.4333500862121582
41,0.4474821090698242
61,0.44452810287475586
81,11.071462869644165
101,0.4577457904815674
121,0.4418060779571533
141,0.4355509281158447
161,0.5179860591888428
181,0.44861698150634766
201,0.45592212677001953
221,0.6243240833282471
241,0.6310930252075195
261,0.6065027713775635
