epoch,Data_selection_execution_time
21,0.5451178550720215
41,0.547870397567749
61,0.5352749824523926
81,0.5674960613250732
