epoch,Data_selection_execution_time
21,0.7251248359680176
41,0.5611979961395264
61,0.5614328384399414
81,0.6743748188018799
