epoch,Data_selection_execution_time
21,0.5585470199584961
41,0.5633080005645752
61,0.5707740783691406
81,0.5762202739715576
