epoch,Data_selection_execution_time
21,7.50494122505188
41,10.800457954406738
61,10.578804016113281
