epoch,Data_selection_execution_time
21,7.059201002120972
41,7.501147747039795
61,7.5586230754852295
