epoch,Data_selection_execution_time
21,7.336812973022461
41,8.60224199295044
61,9.507713079452515
