epoch,Data_selection_execution_time
21,7.409740209579468
41,13.739774942398071
61,10.585166931152344
