epoch,Data_selection_execution_time
21,7.787576198577881
41,12.527918100357056
61,12.742929935455322
