epoch,Data_selection_execution_time
21,7.645437955856323
41,7.909637689590454
61,12.29734992980957
