epoch,Data_selection_execution_time
21,7.274871110916138
41,8.45947527885437
61,7.029589891433716
