epoch,Data_selection_execution_time
21,9.709476947784424
41,12.80708384513855
61,12.903671026229858
