epoch,Data_selection_execution_time
21,8.241934776306152
41,11225.134159088135
61,14.02280879020691
