epoch,Data_selection_execution_time
21,7.438138008117676
41,7.299675941467285
61,7.611879825592041
