epoch,Data_selection_execution_time
21,7.513076066970825
41,14.448476076126099
61,11.070261001586914
