epoch,Data_selection_execution_time
21,7.064363956451416
41,7.341622829437256
61,7.134276866912842
