epoch,Data_selection_execution_time
21,7.866382837295532
41,13.941619873046875
61,10.442600965499878
