epoch,Data_selection_execution_time
21,7.459504127502441
41,13.780933856964111
61,10.4653799533844
