epoch,Data_selection_execution_time
21,7.386077880859375
41,10.542519092559814
61,10.292297124862671
